ThreadPoolSize;RunNr;Runtime;Memory;L3-cacheMisses;L3-cacheReferences;L3-cache-miss-rate
1;0;0;1358615464;0;0;0.0
1;1;1143614;1343477776;22630374;141229773;0.16023798324734262
1;2;1143596;1328422232;22581141;136488227;0.16544387377821237
1;3;1143597;1313256920;22533147;139938659;0.1610216016147475
1;4;1142759;1298201296;22794735;140791054;0.1619047116445339
1;5;1141174;1283027744;21852870;139700567;0.1564264946755728
1;6;1142181;1267980304;22323061;140451383;0.15893799351196136
1;7;1144651;1252924760;22408662;141128231;0.15878227794125754
1;8;1145998;1237751288;22091265;139999233;0.15779561449454513
1;9;1142279;1222703768;21932056;139045615;0.1577328130772049
1;10;1142116;1207530272;22375280;140781499;0.15893622499359805
7;0;0;1207530272;0;0;0.0
7;1;164719;1192165608;11785514;30914255;0.38123234734267414
7;2;164464;1176573344;11994472;30523943;0.3929529025788051
7;3;164232;1161337184;11356903;30120124;0.37705366020405495
7;4;164662;1145801608;11132005;29878317;0.37257804715038
7;5;163984;1130330888;12247322;29282266;0.4182504864889896
7;6;164001;1114799664;11934349;30839395;0.38698388862686833
7;7;164472;1099498000;11906609;27070971;0.43982940249908287
7;8;164665;1083853728;11650537;30668741;0.3798831194276935
7;9;163914;1068209232;12916552;29488658;0.4380176269805157
7;10;164938;1052960584;11735442;29173090;0.40226942020882944
13;0;0;1052960584;0;0;0.0
13;1;92930;1037489840;9108519;24973375;0.36472919659437303
13;2;93382;1022229152;8976749;24579363;0.3652148755848555
13;3;93068;1006588064;9056930;24514158;0.36945711127422776
13;4;93080;991239248;8839309;24391302;0.36239594753900384
13;5;93011;975821272;9209006;24898690;0.3698590568419463
13;6;93264;960519328;9057785;24313690;0.3725384752376131
13;7;93260;945215120;8811289;24151744;0.3648303410304448
13;8;93482;929468544;8852457;24366964;0.36329749574054443
13;9;93163;913875296;9069802;24729128;0.3667659450021853
13;10;92992;898511248;8862782;22050175;0.4019370367808872
19;0;0;898511248;0;0;0.0
19;1;65180;882814016;7994623;22682472;0.352458188860544
19;2;65240;866987696;8398824;23006532;0.36506258309596595
19;3;65197;851321816;8183783;22860471;0.35798838090431295
19;4;65183;835710160;8020121;22500390;0.3564436438657286
19;5;65171;820065608;8358411;23058538;0.3624865982396629
19;6;65085;804368256;8355061;21945211;0.380723657658156
19;7;65015;788779800;7631266;22113115;0.34510135727146535
19;8;65232;773022112;8176884;22867736;0.3575729578127017
19;9;65218;757377592;8419234;23494043;0.35835611605886647
19;10;65177;2002838536;8263608;23691773;0.34879652105395403
25;0;0;2002838536;0;0;0.0
25;1;49751;1986057312;7656493;20496970;0.3735426748441355
25;2;49735;1967722816;7414112;20355093;0.3642386698994694
25;3;49744;1950945496;7295113;19804701;0.36835259466931614
25;4;49733;1932569520;7463179;20473952;0.364520684624053
25;5;49751;1915792304;7495102;20744513;0.3613052762434095
25;6;49741;1897457784;7420903;19236061;0.38578079992572284
25;7;49705;1879123320;7428297;20379765;0.36449375152265007
25;8;49719;1862345992;7560253;20092323;0.37627570490480367
25;9;49720;1843497256;7448536;20608432;0.3614314762035268
25;10;49735;1826846800;7201698;19078554;0.37747609174154395
31;0;0;1826846800;0;0;0.0
31;1;40111;1810588736;7622457;21172375;0.3600189870054729
31;2;40105;1793119584;7486444;20909919;0.3580331420700386
31;3;40098;1777380272;7273658;20650763;0.35222223992401636
31;4;40090;1759797880;7493042;21183115;0.3537271076515423
31;5;40082;1743998824;7333804;19990275;0.3668685898518154
31;6;40101;1726702656;7366988;20120040;0.3661517571535643
31;7;40135;1711006032;7450051;21314752;0.34952557740291795
31;8;40085;1693494192;7252125;20905335;0.34690307521979435
31;9;40102;1677797568;6912146;19396377;0.3563627372266481
31;10;40103;1659939784;7000970;20057881;0.34903836551827183
37;0;0;1659939784;0;0;0.0
37;1;33640;1641086736;6941338;19957190;0.34781139028089625
37;2;33638;1620807152;7436334;20945494;0.3550326385235889
37;3;33635;1601954128;7411930;20218892;0.36658438058821424
37;4;33624;1581501584;6658969;19981545;0.3332559619388791
37;5;33638;1562605872;7659888;21498415;0.35630012724193855
37;6;33627;1543233872;6275722;19220493;0.3265120202691991
37;7;33666;1522781304;6806535;19883090;0.3423278273145673
37;8;33653;1503885616;7428189;20431698;0.36356200057381427
37;9;33623;1483260064;6847702;20384254;0.33593095925904376
37;10;33629;1464407016;7236090;21188738;0.34150641722975666
43;0;0;1464407016;0;0;0.0
43;1;28958;1447975768;7676945;23667230;0.32437023682112354
43;2;29073;1433274360;7669711;22174650;0.3458774321127955
43;3;28976;1417364112;6580163;20168352;0.32626180859992926
43;4;28964;1402703344;6416656;19169886;0.33472582987713123
43;5;28944;1386272096;6176121;19384073;0.3186183316581608
43;6;28953;1371613376;7108867;22126706;0.3212799501200043
43;7;28988;1355182128;7574663;21349752;0.3547892734304361
43;8;28962;1340480720;7016681;21730230;0.3228995275245591
43;9;29052;1324568368;7004938;21018552;0.3332740523704963
43;10;28953;1309909704;6365206;18379180;0.3463269852082628
49;0;0;1309909704;0;0;0.0
49;1;25449;1291575632;6160371;19243058;0.3201347207912589
49;2;25454;1274798416;6732235;21241568;0.31693681935344886
49;3;25464;1257632544;6671151;20945010;0.3185078928107459
49;4;25432;1239125488;6661746;20787535;0.32046829987297676
49;5;25451;1222348272;6035269;19307003;0.3125948133949117
49;6;25459;1203841216;6664712;20381439;0.32699908971098657
49;7;25449;1187064000;6099702;18838282;0.32379290213406936
49;8;25459;1169940816;6864970;21972977;0.3124278517198648
49;9;25442;1151391072;6408158;20438816;0.31352882671872967
49;10;25461;1134613856;6531372;19876264;0.32860159233143615
55;0;0;1134613856;0;0;0.0
55;1;22671;1114334272;6704042;21473090;0.3122066735621189
55;2;22668;1095481248;6440977;20277798;0.3176369051511412
55;3;22670;1075028680;6278253;20070311;0.31281294046714075
55;4;22676;1056132968;6617824;20817615;0.3178953977196715
55;5;22668;1037279944;6025794;18950977;0.31796745888087985
55;6;22706;1016827376;6327544;19752243;0.3203455931561798
55;7;23226;997974352;6501201;20709055;0.31393035558599847
55;8;22694;977521784;7131249;21908017;0.3255086482724566
55;9;22700;958626072;6933887;21088442;0.3288003447575691
55;10;22697;938519472;7213912;22445541;0.3213962185184131
61;0;0;938519472;0;0;0.0
61;1;20507;917720936;7103673;21905478;0.3242875138355803
61;2;20708;895192560;6339337;19929921;0.31808139129101415
61;3;20502;874221040;6325462;20500359;0.30855371849829555
61;4;20513;851563688;6741110;20552236;0.327998861048501
61;5;20493;830721144;6790056;21643961;0.31371595984672124
61;6;20496;809749624;6420966;20299830;0.3163063927136336
61;7;20485;788259152;6114316;20208499;0.30256161034028306
61;8;20490;765688088;6660038;20299753;0.32808468162149557
61;9;20502;744716568;6991696;22006394;0.3177120249687432
61;10;20525;1986615288;6150729;19952947;0.3082616818457945
67;0;0;1986615288;0;0;0.0
67;1;18770;1969441920;6328561;20667737;0.30620483510120144
67;2;18695;1950702304;6152892;20653894;0.29790469535672065
67;3;18725;1933637048;5868957;19344100;0.30339778020171526
67;4;18649;1915918176;6105159;20095707;0.30380414085456164
67;5;18688;1897388408;6106447;20443730;0.2986953457123529
67;6;18687;1880111080;5800353;19615226;0.2957066617534766
67;7;18803;1861392224;6564220;20953195;0.3132801465361249
67;8;19172;1844362920;6548537;20609228;0.31774780695327354
67;9;18644;1825865240;5858259;19347434;0.30279255636690633
67;10;18767;1808557976;5950739;19076352;0.3119432373652992
73;0;0;1808557976;0;0;0.0
73;1;17261;1789836968;5622556;18954807;0.2966295568190169
73;2;17270;1769809176;6401352;21010827;0.30466920697600336
73;3;17729;1751088016;6191890;19605607;0.31582240733479966
73;4;17217;1731116712;6226401;20621084;0.30194343808502017
73;5;17972;1712839056;6717241;21814868;0.30792031379699386
73;6;17427;1692617800;6318364;20662605;0.3057873874083156
73;7;17935;1674090232;6218997;19950711;0.31171806358179416
73;8;17268;1655369200;5922551;19248065;0.3076959164466662
73;9;17217;1635341432;5742407;19331602;0.2970476528536021
73;10;17695;1616620192;6422008;20246140;0.3171966606968044
79;0;0;1616620192;0;0;0.0
79;1;16037;1595898544;6046061;19939210;0.3032247014801489
79;2;16632;1576179552;6540508;21199290;0.3085248609741175
79;3;16317;1555437464;6039961;20103219;0.3004474557034871
79;4;16061;1536178224;6872148;23065326;0.2979428081788222
79;5;16224;1515486688;6491564;21710425;0.29900676748612703
79;6;16156;1496235688;6192648;20794715;0.29779912828812516
79;7;16515;1476958016;7183315;22978211;0.3126141978590065
79;8;16013;1456236432;6336001;21031120;0.3012678830228728
79;9;17006;1436265064;7032029;21656482;0.32470781727152176
79;10;16180;1415543472;5865943;19951263;0.29401361708278817
85;0;0;1415543472;0;0;0.0
85;1;15554;1394822104;6268380;21459337;0.292105017037572
85;2;16514;1372388376;6818832;22101229;0.3085272769220209
85;3;15689;1351628848;6355756;21014226;0.3024501592397455
85;4;15249;1330907344;6427367;21753655;0.29546147532449146
85;5;15543;1308647896;6190250;21008154;0.29465939748918446
85;6;15724;1287714200;6545851;22131106;0.2957760448122204
85;7;15558;1265992656;6767635;22683130;0.2983554297841612
85;8;15550;1244829536;6513540;21816818;0.29855591223248046
85;9;15483;1222605544;6199703;21284818;0.29127347952892996
85;10;15388;1201884120;6321403;21622469;0.29235343105359524
91;0;0;1201884120;0;0;0.0
91;1;15451;1178191960;6773528;21628463;0.31317657662497794
91;2;14702;1155996872;6257281;21405501;0.2923211654798456
91;3;15210;1133775056;6151728;20569831;0.2990655586815468
91;4;15779;1110109624;7043569;22463460;0.3135567272361426
91;5;14965;1087887728;6186008;21246532;0.2911537751196289
91;6;15154;1064474464;6358825;21935281;0.2898902913530034
91;7;15154;1042250472;6486277;21659876;0.2994604862927193
91;8;15570;1019528784;7304319;29138252;0.2506780090995163
91;9;15238;996113128;6769623;29495489;0.2295138419302016
91;10;15486;973891472;6890485;29650242;0.2323922010484771
97;0;0;973891472;0;0;0.0
97;1;15026;948725568;6836490;31035410;0.22028031851359464
97;2;14799;925060056;7313818;32400319;0.22573290096310472
97;3;15471;899894232;6945051;29023453;0.23929099683624827
97;4;14997;876172400;7076602;32566607;0.21729626300952998
97;5;15150;851044328;7354361;30829345;0.23855067306814334
97;6;15522;827340768;7641610;31358139;0.24368824948444803
97;7;15171;803675336;7006137;29946312;0.2339565887111575
97;8;14266;778509512;6816214;31433916;0.21684266128343666
97;9;15274;754787600;7552648;32600435;0.23167322767318901
97;10;13581;1975761056;7428127;31394096;0.2366090426684049
103;0;0;1975761056;0;0;0.0
103;1;15234;1945317160;7771383;32793341;0.23698051991713806
103;2;15305;1913849568;7624731;31534144;0.24179286426801375
103;3;14917;1882046728;7133256;32115913;0.2221097061758761
103;4;15865;1851531184;7709579;30846427;0.24993426305095237
103;5;15323;1820978704;7684167;31817617;0.24150667851712465
103;6;15549;1789233504;7358459;30849935;0.23852429510791515
103;7;15059;1758660320;6967040;23947818;0.2909258789255873
103;8;13683;1726915208;6672715;22327382;0.29885792252759413
103;9;14991;1696341880;7452023;32022158;0.23271457844908516
103;10;14994;1664596936;7440469;29508281;0.25214850705806957
109;0;0;1664596936;0;0;0.0
109;1;14582;1632235024;7318645;32406316;0.22584008006340492
109;2;14036;1598680592;7854723;34653413;0.2266652061082699
109;3;14217;1566318456;6816194;26004667;0.26211425818296386
109;4;14893;1532764080;7052704;25352529;0.27818542284282566
109;5;13507;1500422792;6930292;22642523;0.30607419500026567
109;6;15065;1467464704;7045650;25085243;0.2808683176798407
109;7;13259;1433910272;7762681;33942498;0.22870093415045645
109;8;13776;1400297944;6812074;27939641;0.24381394163224931
109;9;14580;1367993872;7418555;33996690;0.21821403789604224
109;10;14565;1334381376;7201303;32974736;0.21838849596854998
115;0;0;1334381376;0;0;0.0
115;1;12847;1300288832;6515748;26127542;0.24938235674829268
115;2;14299;1264926848;6769051;22227885;0.304529693220925
115;3;14246;1230774136;6662005;22272323;0.2991158578294684
115;4;14087;1195389576;7272689;23370926;0.31118531631994384
115;5;13048;1161280512;6364642;21008745;0.30295203259404596
115;6;14006;1126514816;6645996;21486790;0.30930613646803456
115;7;14356;1091128096;7054270;22523723;0.3131928944428947
115;8;14218;1057019200;6611210;22434460;0.29468995465012304
115;9;13493;1021657216;6872335;22824701;0.3010920055425918
115;10;14452;987504504;6783666;22161360;0.30610332578867
121;0;0;987504504;0;0;0.0
121;1;14044;950354048;7030692;22489067;0.3126271089858908
121;2;14639;914412864;6926936;22884866;0.3026863255393324
121;3;14024;877218648;6809799;22034530;0.3090512481999843
121;4;13567;841320832;6852784;22673859;0.30223280474664677
121;5;13849;804126952;6614030;21715610;0.3045749117800513
121;6;15235;768208400;6545256;21683658;0.3018520214624304
121;7;13333;1978657320;6666191;21936200;0.30388996271004093
121;8;14117;1947531328;6853404;22948096;0.29864804470052764
121;9;13050;1915066304;6815446;22727929;0.2998709649260168
121;10;14228;1883063408;6599044;21532191;0.30647340997486044
127;0;0;1883063408;0;0;0.0
127;1;13838;1849250424;6984633;23189725;0.30119516294393317
127;2;13624;1816471648;6640350;22148866;0.29980541667460536
127;3;13713;1782658688;7016444;22424422;0.3128929699949457
127;4;13929;1748845680;6705711;21472369;0.3122948846491973
127;5;14125;1716066904;7017583;22993410;0.30519975071118205
127;6;14787;1682253920;6679356;23256203;0.2872075033056772
127;7;13689;1648440936;7158209;23545605;0.3040146558136858
127;8;14273;1615662160;6964231;23762292;0.29307909354871997
127;9;12833;1581849176;7185666;23939021;0.30016540776667516
127;10;14343;1548115384;6889752;23633863;0.29152034942404464
133;0;0;1548115384;0;0;0.0
133;1;14035;1513706104;7452209;24648089;0.30234429127548185
133;2;13023;1478341472;7056052;23480930;0.3005013855924787
133;3;13193;1442991048;6910012;23132832;0.29871016224904934
133;4;12673;1408589952;6715149;22548100;0.2978144056483695
133;5;13181;1373225208;6451923;21520929;0.2997976063208052
133;6;14146;1337874896;6181981;21072381;0.29336888887876506
133;7;12602;1303473744;6847611;22700502;0.3016502013920221
133;8;14486;1268109080;6608679;22292609;0.2964515728060363
133;9;13487;1233721944;7110615;23949062;0.2969057827818058
133;10;13225;1198357536;6177634;20768281;0.29745523955497327
139;0;0;1198357536;0;0;0.0
139;1;12842;1161384568;6514531;21839926;0.29828539712085106
139;2;12401;1124411488;6591246;21972611;0.29997554682964167
139;3;14357;1088271256;6763158;23278903;0.2905273500216054
139;4;13278;1051556952;7108055;23513252;0.30229995408546634
139;5;12967;1014583928;6991878;23231196;0.30096935172859807
139;6;12570;977690016;6922615;23007427;0.30088610082300815
139;7;13265;941729168;6630847;21583843;0.3072134559170024
139;8;13173;904756312;6747349;22429861;0.30081992037311334
139;9;12587;867783232;6204775;21174911;0.2930248443547177
139;10;13317;831846464;6709875;22540850;0.2976762189535887
145;0;0;831846464;0;0;0.0
145;1;14225;793578576;6670656;23089407;0.28890547080745727
145;2;12778;755312736;7030381;24100592;0.2917098882882213
145;3;14028;1973673336;6609633;22884469;0.2888261466761584
145;4;13711;1934976000;6868446;23364315;0.29397164008446214
145;5;13314;1897216848;6915375;23423343;0.29523433098341256
145;6;12728;1858743520;7340037;24224332;0.30300265864916315
145;7;12942;1820192488;6435202;21386672;0.30089777409033064
145;8;13163;1781643448;6954496;23029599;0.30198076831472404
145;9;12094;1743113248;6571773;21784510;0.30167183012149457
145;10;12643;1705345616;8251778;25090842;0.328876089530993
151;0;0;1705345616;0;0;0.0
151;1;13599;1665270008;6784563;23285753;0.2913611168167935
151;2;12379;1625120464;7541473;24972872;0.30198661171210106
151;3;11761;1585044696;7859022;25740386;0.3053187314285031
151;4;12051;1544913912;7069853;23958113;0.2950922303438505
151;5;11803;1505619688;7465094;24307556;0.30711001961694545
151;6;13257;1465470224;6822764;24476943;0.27874248838999216
151;7;11759;1425394376;7623481;24702085;0.30861690420059684
151;8;11955;1385511760;7525813;25063481;0.3002700622471396
151;9;12787;1345435832;6879351;22973663;0.29944510807875957
151;10;11748;1305286608;7480557;24591581;0.3041917882384219
157;0;0;1305286608;0;0;0.0
157;1;12193;1263628776;7240735;25049661;0.28905520917029576
157;2;11665;1222733888;7962955;25723144;0.3095638309220677
157;3;12403;1181057672;7443969;25545555;0.2913997758122695
157;4;11793;1139381400;6937137;23549366;0.29457850372702177
157;5;12213;1097705128;7064628;24179890;0.29216956735535193
157;6;12205;1056047696;7896547;25748479;0.30668013438774383
157;7;12473;1015152888;7454742;25301033;0.2946418037556016
157;8;12359;973476616;6740056;24120015;0.27943830051515306
157;9;11625;931802336;7778979;25496713;0.30509732764376335
157;10;11926;890050432;7581433;25126666;0.30172856995830644
163;0;0;890050432;0;0;0.0
163;1;11482;846866032;8269750;26414832;0.313072216397212
163;2;11865;804370616;7142313;24615150;0.29015923120517245
163;3;11495;761093760;7517734;24726735;0.30403261894463623
163;4;11537;1971476104;7942358;26785349;0.29651874239159626
163;5;11829;1930663904;7497484;25173214;0.2978357868804516
163;6;11834;1889744704;7356077;25131150;0.2927075362647551
163;7;11682;1848569696;7333898;24933220;0.29414163112506125
163;8;11874;1807908496;6900068;24112121;0.2861659494824201
163;9;11472;1767086048;8187107;26264383;0.3117189922184732
163;10;11501;1726166848;7784519;25835296;0.30131332731779037
169;0;0;1726166848;0;0;0.0
169;1;11477;1683577944;7311175;24158475;0.302633961787737
169;2;11468;1641378800;6906823;23178648;0.2979821342470018
169;3;11380;1598923776;6594637;22645228;0.2912153059355375
169;4;11331;1556468912;7140512;24228700;0.29471296437695793
169;5;11408;1514049232;6312210;22503105;0.280503957120584
169;6;11344;1471338384;7978459;25178287;0.3168785469797846
169;7;12318;1428371376;5988215;22803620;0.2625993153718576
169;8;11472;1386161952;6704367;22970454;0.2918691550458689
169;9;11481;1342693408;7245735;24733111;0.2929568787363628
169;10;11478;1300139728;6330410;22578185;0.28037727567561344
175;0;0;1300139728;0;0;0.0
175;1;11222;1256148808;7908293;25377990;0.3116201480101458
175;2;12009;1212414192;5558904;21836697;0.2545670712012902
175;3;11396;1168702464;6440068;23842165;0.2701125506010046
175;4;11738;1124455576;6426116;22999019;0.2794082651960068
175;5;11227;1080622080;7455191;25157554;0.2963400575429551
175;6;12758;1036631128;6473409;24443234;0.2648343913902718
175;7;12239;993037272;6513435;23451849;0.27773652303492147
175;8;11223;949708624;8003643;25719126;0.3111942062105843
175;9;11479;905619216;6236458;22852673;0.2728984044886128
175;10;11243;861116368;7749677;24776285;0.31278607749305437
181;0;0;861116368;0;0;0.0
181;1;11120;815746888;7829249;25867095;0.30267214002964
181;2;11496;770121584;6999935;24149725;0.28985568158643626
181;3;12921;1972401528;5709848;22217506;0.25699770262242755
181;4;11391;1933578360;6099392;22362174;0.2727548761582841
181;5;11087;1895185536;8173758;26964455;0.3031308439202647
181;6;11139;1856561576;7138692;24657834;0.2895101005222113
181;7;11454;1818070600;7390561;25077841;0.29470483523681323
181;8;11098;1779671664;7685258;25354293;0.3031146638559395
181;9;12037;1741284560;6144947;22983277;0.26736600703198243
181;10;11879;1702676952;5821256;22250715;0.2616210759968837
187;0;0;1702676952;0;0;0.0
187;1;11048;1663096144;6469832;22791372;0.28387198453871054
187;2;11006;1623414624;6964130;23539391;0.29585004981649693
187;3;11027;1583287496;6597123;22550638;0.2925470667393091
187;4;10992;1543508136;6932227;23809300;0.2911562708689462
187;5;12252;1503927384;6542295;22644333;0.28891533259116087
187;6;11066;1464245784;6496268;22537767;0.2882392031118256
187;7;11043;1424665192;6454699;22496833;0.2869158961174668
187;8;11044;1384983432;6676527;23552752;0.28347120540308834
187;9;11466;1344633592;6280075;23482155;0.26744031797763024
187;10;11683;1304745176;5848412;22371844;0.26141841503990465
193;0;0;1304745176;0;0;0.0
193;1;13191;1263778096;6302431;22722092;0.2773701910897993
193;2;11545;1222479544;6193810;23033158;0.26890841455609343
193;3;11176;1181610352;6114183;23143786;0.26418248941638156
193;4;11299;1140640240;6304969;23586220;0.26731578862573147
193;5;10906;1099754280;5821833;21980286;0.26486611684670525
193;6;10923;1058355120;6188892;23022217;0.2688225899356261
193;7;10903;1017388120;5714662;21351930;0.26764147315956915
193;8;10883;976418248;5827516;21433449;0.27188885932450724
193;9;11306;935119320;6458261;23575450;0.273940094462672
193;10;10884;894249784;5836663;21490957;0.27158692839969856
199;0;0;894249784;0;0;0.0
199;1;10943;852092032;5924296;21856913;0.2710490726663916
199;2;10894;809934280;5901355;22187127;0.2659810348586367
199;3;11404;767230072;6715729;23753073;0.28273095443271695
199;4;11083;1973979280;6890007;24624422;0.2798038061563435
199;5;10900;1937318232;5834861;21800646;0.2676462431434371
199;6;11254;1900494368;6824398;24155065;0.2825245140097946
199;7;10900;1863360704;5741392;21843225;0.26284543605626
199;8;10904;1826476808;5935334;22431286;0.2646007010030544
199;9;10879;1789777768;5906790;22513010;0.26237229051113115
199;10;10917;1753138648;6419766;23761375;0.27017653650093904
205;0;0;1753138648;0;0;0.0
205;1;10883;1714878576;6217561;23740439;0.26189747375775146
205;2;10899;1677086368;5991218;23155787;0.2587352353862989
205;3;10868;1639337632;5201519;20772961;0.25039853490313685
205;4;11318;1601588896;5592093;22056830;0.2535311284531821
205;5;11236;1563345192;8958099;28239567;0.3172180012533478
205;6;10964;1525536616;7454725;25356655;0.2939948112241145
205;7;11344;1487787880;7034915;25062479;0.2806950980387854
205;8;10945;1449544200;9628996;29112844;0.3307473498638608
205;9;10949;1411735600;7365745;25281058;0.29135430170683524
205;10;10958;1373986864;7667326;25521552;0.30042553838418606
211;0;0;1373986864;0;0;0.0
211;1;11271;1334677032;6710261;24867070;0.2698452612229748
211;2;10878;1295774576;7395275;25453053;0.2905456960310419
211;3;10917;1256916224;7982300;26628864;0.29976119146502084
211;4;11956;1218119864;6395077;24627492;0.25967228006814497
211;5;10912;1178764072;7462865;25759321;0.28971512874892935
211;6;10898;1139845584;7399996;25544753;0.2896875143008821
211;7;10903;1100987232;7254219;24911206;0.2912030433211463
211;8;11331;1061818528;7995550;26714226;0.2992993321236408
211;9;10886;1022959880;7275245;25613770;0.2840364772542269
211;10;10849;983598400;7483579;26164406;0.28602136046963955
217;0;0;983598400;0;0;0.0
217;1;11056;943637896;7995959;27019742;0.2959302498151167
217;2;10859;903670008;7635601;25863724;0.29522434588306
217;3;10899;863576328;7403138;25360911;0.29191135917790967
217;4;10907;823173312;7225512;24417543;0.295914785529404
217;5;10904;783144808;7865004;25786360;0.3050063677075787
217;6;10956;743236440;8027183;26917309;0.2982164004581587
217;7;11037;1957510944;7234659;25427460;0.28452149762500856
217;8;10929;1909300088;7524372;25511906;0.2949357057054067
217;9;10925;1860665432;7473097;26002269;0.2874017263647261
217;10;11129;1812377016;7697366;25731045;0.29914704202647036
223;0;0;1812377016;0;0;0.0
223;1;10865;1762475992;7812173;26668084;0.2929409176902248
223;2;10887;1712956952;8200913;27886784;0.2940788367708517
223;3;10890;1663306184;7004432;24297251;0.28828084296449835
223;4;10877;1613396760;7589305;25775210;0.29444202394471275
223;5;10896;1563762584;7709919;26129613;0.2950644159942208
223;6;10894;1514354336;7918205;26682021;0.2967618157560104
223;7;10903;1464930848;7066901;25145829;0.28103670791684776
223;8;10940;1415055272;6835460;24514212;0.2788366193455454
223;9;10895;1365056680;6967704;25186846;0.2766405924743416
223;10;10909;1315632792;6668841;23787583;0.2803496681440901
229;0;0;1315632792;0;0;0.0
229;1;10923;1264369744;7230827;25526220;0.28327057433493874
229;2;10982;1213728680;7241594;25899761;0.27960080403830756
229;3;10912;1162471640;6689358;25162441;0.26584694227400274
229;4;10919;1111701152;7375637;26327887;0.2801454214688782
229;5;10894;1060899024;7270432;25691195;0.2829931422029999
229;6;10886;1009675560;7213751;25507771;0.28280601233247704
229;7;10898;958889992;6838644;24968309;0.27389295766885935
229;8;10921;907635104;7219249;25137850;0.2871864141125832
229;9;10869;856980936;6936688;24245742;0.2860992251752906
229;10;10896;806198080;7167042;25173946;0.28470077754198725
235;0;0;806198080;0;0;0.0
235;1;10902;753596056;7244496;26261844;0.27585633362226963
235;2;10918;1958641872;7098378;25339068;0.2801357176988514
235;3;10900;1908321032;7493174;26505909;0.28269824664379556
235;4;10903;1857983856;7193063;25639228;0.28054912573810725
235;5;11124;1807000344;7944341;27145009;0.29266304535025206
235;6;10901;1755587784;7253906;25588631;0.28348159774549875
235;7;10928;1705033040;7345724;25880538;0.2838319667079564
235;8;10871;1653832072;7249649;25625264;0.2829102170420566
235;9;10995;1603500312;7865691;26673653;0.2948861560132015
235;10;11045;1552299448;7654127;26135206;0.29286652647773276
241;0;0;1552299448;0;0;0.0
241;1;10895;1499512368;7214218;25598580;0.28182102288486316
241;2;10901;1447876448;7934731;28127651;0.2820971790356756
241;3;10984;1395306688;8685539;30229881;0.2873163476892284
241;4;10914;1343236064;8695632;30827563;0.2820732861692635
241;5;10895;1290883664;8381763;29939783;0.27995403306697314
241;6;10911;1237724200;8058750;28655311;0.28123058933124123
241;7;11205;1185591488;8090995;28913217;0.27983724536774995
241;8;10903;1133317432;7365855;27315502;0.26965841594271267
241;9;10927;1081385776;6430595;23916336;0.2688787697245933
241;10;10910;1029098064;6596217;24485835;0.26938909781920856
247;0;0;1029098064;0;0;0.0
247;1;10908;975439000;6876084;25684691;0.2677113771779462
247;2;10889;922002200;6293843;23698027;0.26558510546046726
247;3;10912;868345400;6835497;24942696;0.2740480419598587
247;4;10870;815188560;7077305;26197592;0.2701509741811385
247;5;10873;761966616;6953473;25399424;0.2737649877414543
247;6;10941;1963947472;6654142;25123590;0.2648563362162812
247;7;10940;1918405280;7238352;26729210;0.27080306526081394
247;8;10894;1873197744;6730373;25375479;0.2652313676522126
247;9;11108;1827605200;7438341;26057565;0.2854580234185351
247;10;10892;1782014704;6449191;24140101;0.26715675298955877
253;0;0;1782014704;0;0;0.0
253;1;10910;1735300544;6734053;25244449;0.26675381189741953
253;2;10914;1689011568;7386555;26904532;0.2745468681633265
253;3;10956;1642329424;7273811;26437075;0.27513675397145865
253;4;11132;1595647280;7534761;27068425;0.2783597863562435
253;5;10924;1549328336;7198777;26725038;0.26936451877074974
253;6;10992;1502645968;7136691;26295089;0.2714077522232383
253;7;10883;1455963656;6558669;25142971;0.2608549721510636
253;8;10936;1409259704;6531055;25302651;0.2581174201865251
253;9;10926;1362962344;6171772;23740318;0.2599700644279491
253;10;10909;1316263312;6486173;24797873;0.26156166700264977
259;0;0;1316263312;0;0;0.0
259;1;10958;1268491568;5888399;23919937;0.2461711751163893
259;2;10919;1220697680;6283099;24578487;0.2556340835788631
259;3;10933;1173293776;5880955;23033028;0.25532704601409767
259;4;10892;1125521944;5636444;22627478;0.2490973143361359
259;5;10946;1077747040;6288123;24479850;0.2568693435621542
259;6;10910;1029931072;6451461;25290773;0.25509149127233083
259;7;10923;982552328;6104706;23923663;0.2551743852937571
259;8;10915;934780208;6134037;24084211;0.254691216581685
259;9;10918;886991504;6268703;24394116;0.25697602651393475
259;10;10930;839197616;6379611;25036219;0.2548152738238949
265;0;0;839197616;0;0;0.0
265;1;10913;790704112;6349910;25136819;0.25261390472676754
265;2;10926;741842304;6873279;26331601;0.2610277665987723
265;3;10948;1951916904;6445922;25460368;0.2531747380870536
265;4;10941;1898314352;5986907;23774093;0.2518248330230726
265;5;10937;1845008480;7359950;27194748;0.27063865419896516
265;6;10897;1791499624;6642779;25458506;0.260925719678916
265;7;10927;1737990872;6363618;24082805;0.2642390701581481
265;8;10968;1684404768;6381703;25298478;0.2522564005629113
265;9;10898;1631098976;6762992;25508548;0.265126497988047
265;10;10944;1577590120;6078949;23771249;0.2557269498123553
271;0;0;1577590120;0;0;0.0
271;1;10919;1522860728;6556114;25323218;0.25889734867029934
271;2;10932;1468131336;6193871;23553266;0.26297291424467417
271;3;10910;1413424208;6375915;25340297;0.2516116918440222
271;4;10919;1359079432;5910505;23482083;0.25170275567120687
271;5;10924;1304350040;6081822;24495286;0.24828540479176278
271;6;10932;1249620592;6136135;23972453;0.2559660874087437
271;7;10892;1194891280;5891454;23077880;0.2552857541507279
271;8;10931;1140192232;6225117;24401970;0.2551071491359099
271;9;10909;1085839376;6476839;25304204;0.255959009815128
271;10;10910;1031110064;6333442;24630677;0.25713633449864165
277;0;0;1031110064;0;0;0.0
277;1;10909;975237864;6052914;23802889;0.25429324986559404
277;2;10920;919285176;6440949;25445295;0.2531292720324131
277;3;10933;863337904;6699937;26004839;0.2576419334878405
277;4;10933;807671136;6668040;25968044;0.2567786776701395
277;5;10890;751719112;6730365;25496800;0.2639690078754981
277;6;10969;1952976824;6519909;26018557;0.25058687920317796
277;7;10964;1899688888;6016120;23565220;0.25529657690443797
277;8;10920;1846310128;5787033;23543937;0.24579716637875815
277;9;10932;1792919448;5779815;23708324;0.2437884263771661
277;10;10902;1739540504;6384418;24706362;0.25841190216511845
283;0;0;1739540504;0;0;0.0
283;1;10953;1685014608;5770214;24126781;0.23916219905175085
283;2;10935;1630488656;6151041;24763587;0.24839055020583245
283;3;10986;1575990416;6392180;25244119;0.25321462000713907
283;4;10916;1521423488;6086597;24130857;0.25223293975841804
283;5;10939;1467276760;5902573;23493068;0.25124743179562586
283;6;10924;1412767208;5787961;22918294;0.2525476372717795
283;7;10950;1358241312;6052500;24143353;0.25069011748285336
283;8;10960;1303715360;5395217;22521783;0.23955550055694969
283;9;10921;1249189408;5529858;22633960;0.24431685838448067
283;10;10949;1194491800;6010721;24659637;0.2437473430772724
289;0;0;1194491800;0;0;0.0
289;1;10953;1138826648;6083611;24923789;0.2440885292360644
289;2;10953;1083154016;5450022;23045925;0.23648527885081636
289;3;10918;1027476280;5943524;24077637;0.2468483099068235
289;4;11194;972174080;6133213;24624133;0.24907325671121092
289;5;10917;916498304;5831372;23685847;0.24619647336234166
289;6;10926;860841888;6044778;24186818;0.24992034917532352
289;7;10936;805166808;6108639;24609173;0.24822609845523863
289;8;10900;749493608;6561918;26115222;0.2512679386757654
289;9;10966;1951847320;5992843;24531259;0.24429414731628735
289;10;10902;1898673168;5316055;22444826;0.23684990919510804
295;0;0;1898673168;0;0;0.0
295;1;11144;1844330232;7771727;47623049;0.16319255409287212
295;2;11158;1789987240;7506578;47412735;0.15832408739972498
295;3;11183;1735461288;10501894;54862653;0.19142154864439384
295;4;11170;1681118296;10394491;54880263;0.18940308285330193
295;5;11166;1626775248;9900023;52292579;0.1893198459383692
295;6;11185;1572432200;12616366;58298132;0.21641115361981067
295;7;11145;1518091200;10672556;54539707;0.1956841462312953
295;8;11132;1463733136;9142289;50069472;0.18259207926139107
295;9;11163;1409228952;10722163;54236506;0.19769273116524136
295;10;11177;1355047016;10448684;53972563;0.19359251106900371
301;0;0;1355047016;0;0;0.0
301;1;11189;1299619536;10409789;53602641;0.19420291250201646
301;2;11189;1244178840;10253870;52290839;0.19609304796199578
301;3;11168;1188385856;10415688;53309366;0.19538195220704743
301;4;11199;1132945288;10674743;54111035;0.19727478877460022
301;5;11149;1077689280;10096848;51382106;0.19650514130347246
301;6;11168;1022246592;10158978;51236924;0.19827454903420821
301;7;11192;966805896;10653609;55227098;0.19290546463259756
301;8;11170;911362432;10332187;53294046;0.19387131913384845
301;9;11162;855572560;10569827;53336163;0.19817374189440662
301;10;11086;800314400;9402594;44358688;0.21196736026097074
307;0;0;800314400;0;0;0.0
307;1;11159;743775944;10358626;52516365;0.1972456776092557
307;2;11198;1946517152;9852245;51753205;0.19036975584410665
307;3;11180;1890013528;9877515;52841041;0.18692884949030433
307;4;10941;1833430688;8234232;28640854;0.28749952777246096
307;5;11124;1776607600;9958337;47577449;0.20930792233101864
307;6;11150;1720032840;10678485;53893586;0.19814018313793408
307;7;11056;1663556544;9677532;42907793;0.22554252557338478
307;8;11168;1606938272;10251287;52697901;0.19452932290415134
307;9;10931;1550461896;7248143;25841661;0.28048286060249766
307;10;10919;1493878976;8101181;28501477;0.28423723444227117
313;0;0;1493878976;0;0;0.0
313;1;10946;1436280728;7835347;28119015;0.2786494121504612
313;2;10960;1378335712;7595589;26811289;0.28329816593301427
313;3;10952;1320614824;7794279;28291467;0.27549928747067093
313;4;10934;1263330072;7990419;28909296;0.276396180661058
313;5;10946;1205434288;7279056;27169792;0.2679098905136999
313;6;10950;1147844088;8491074;29954573;0.28346503220059255
313;7;10927;1090104320;7374196;27537500;0.26778741715842036
313;8;10942;1032505592;8101340;29013413;0.2792274042354135
313;9;10920;974907288;7573581;28053504;0.2699691632104139
313;10;10929;917308984;7870248;28903571;0.27229327476525306
319;0;0;917308984;0;0;0.0
319;1;10939;858239360;8216711;29662012;0.2770112492706159
319;2;10953;799529920;8349797;29447728;0.2835463910832102
319;3;10954;740774232;8309694;30033973;0.2766764823288614
319;4;10966;1939615520;7345627;27709092;0.265098076833409
319;5;10952;1877102448;7611051;27991534;0.2719054625587865
319;6;10918;1814831920;7609206;27347062;0.27824583130721686
319;7;10925;1752508880;7550150;27545660;0.27409581037448366
319;8;10929;1690250216;7882917;28577608;0.2758424357979856
319;9;10977;1628650896;7756903;28193646;0.27512947420847944
319;10;10954;1566973944;7249471;27820813;0.2605772520019454
325;0;0;1566973944;0;0;0.0
325;1;10943;1503809392;7150046;25999161;0.27501064361269195
325;2;10964;1440301544;6949394;26608855;0.261168471924102
325;3;10953;1376992824;7096662;26480497;0.2679958008341007
325;4;10956;1314061752;7597570;28204371;0.26937562266501175
325;5;10950;1250037440;7409791;26560513;0.2789777064923407
325;6;10944;1186933736;7470150;28158399;0.2652902958012634
325;7;10959;1123954464;7766281;28409376;0.27337034787388503
325;8;10971;1060448720;7719845;29068564;0.26557366232470236
325;9;10929;997139832;6935323;26025701;0.2664797770480803
325;10;10913;933895488;7830108;28965766;0.27032283558460013
331;0;0;933895488;0;0;0.0
331;1;10943;869284960;7792506;29026123;0.26846527178293844
331;2;10938;804793256;7058238;26913636;0.26225508883303617
331;3;10942;740047200;7225607;27208857;0.2655608429269925
331;4;10979;1933111880;7906264;29531733;0.26772096307385684
331;5;10938;1865484600;7006629;25786150;0.2717206329754539
331;6;10969;1797865824;7687022;29122305;0.26395651031056777
331;7;10943;1730963480;7563690;28655020;0.2639568913230561
331;8;10947;1662504336;6859937;25617461;0.2677836417902617
331;9;10956;1595712032;7369093;27984720;0.26332559339525285
331;10;10966;1528586824;6998804;27500302;0.25449916877276474
337;0;0;1528586824;0;0;0.0
337;1;10974;1459780984;7541343;28770084;0.26212446929247757
337;2;10951;1391224968;6753430;26768608;0.25228917394583983
337;3;10949;1322644288;7281858;28276499;0.2575233235203552
337;4;10973;1253433336;7603039;29528597;0.2574805365795063
337;5;10944;1184877096;7193545;27316240;0.26334316143070935
337;6;10960;1116437352;7470234;28279252;0.2641595329324835
337;7;10962;1047388632;7667642;29228533;0.2623341376729376
337;8;10986;979149400;15043567;42518422;0.3538129190213127
337;9;10921;910949272;8312989;28896840;0.2876781336644422
337;10;10962;842598064;8705748;30103079;0.2891979255676803
343;0;0;842598064;0;0;0.0
343;1;10974;772578440;9538492;32066585;0.2974589280398895
343;2;10966;1949393696;8615239;30143996;0.28580281791438666
343;3;10983;1900925288;8161196;29589325;0.27581555172346783
343;4;10957;1852147648;8652511;30111334;0.28735063680672535
343;5;10949;1803750160;8854722;30950138;0.2860963657092579
343;6;10951;1755113296;8473437;28469610;0.29763094752615155
343;7;10951;1706716240;9070201;31589242;0.28712942843009653
343;8;10966;1658061800;8795849;30982113;0.28390087532118935
343;9;10953;1609725832;9118560;31732761;0.2873547624803275
343;10;10976;1561026616;8462777;30441235;0.27800373407977697
349;0;0;1561026616;0;0;0.0
349;1;10962;1511702488;9242489;32577579;0.2837070550884091
349;2;10959;1462201296;8865814;31202337;0.28413942199265396
349;3;10950;1412973728;8780728;30207426;0.29068110603002056
349;4;10987;1363489472;8617869;30924140;0.27867772555679804
349;5;10988;1314287600;8608215;30564948;0.28163682791150174
349;6;10957;1264636912;7987230;29066537;0.2747912487820617
349;7;10939;1215320000;8197728;29088018;0.2818249081116493
349;8;10955;1165766600;8816179;30404560;0.28996239379882494
349;9;10933;1116449128;7983786;28267746;0.28243447496662805
349;10;10938;1067198264;8413095;29857970;0.28177049544895383
355;0;0;1067198264;0;0;0.0
355;1;10972;1016771880;8901576;30816285;0.28885947803247536
355;2;10947;966425552;8200588;29382933;0.27909358129768735
355;3;10953;916393864;8249200;28812418;0.2863071054987471
355;4;10973;866062216;8246734;29783014;0.2768938697742277
355;5;10968;816013192;8126434;28989493;0.2803234261461558
355;6;10939;765664208;8075823;28764980;0.28075190735401173
355;7;11007;1959368416;7320359;27705973;0.2642159147415613
355;8;10980;1921606472;8078507;29736013;0.27167418174050434
355;9;10953;1883752688;7712633;27964968;0.2757962390659628
355;10;11009;1845987552;7476084;27883015;0.26812322842418584
361;0;0;1845987552;0;0;0.0
361;1;10968;1807193024;7778230;28433873;0.27355506581885625
361;2;10958;1768825712;7685148;28852018;0.2663643146209045
361;3;10983;1730454920;7436665;28093232;0.26471375739181596
361;4;10979;1691643512;8008955;29642485;0.27018500641899623
361;5;10977;1653276064;8094850;29284514;0.2764208414044365
361;6;11006;1614562032;8148693;30140521;0.27035674001786497
361;7;10952;1576202872;7860364;29255311;0.2686816079309497
361;8;10951;1537823848;8051358;29694933;0.2711357523520932
361;9;10939;1499347688;8085716;30160498;0.2680896051517452
361;10;10965;1460951968;7755089;29249934;0.2651318461094647
367;0;0;1460951968;0;0;0.0
367;1;10955;1421527160;7812259;29172731;0.267793200437765
367;2;10964;1382539936;7810624;29403098;0.26563949145766885
367;3;10964;1343511456;7898161;29344376;0.26915416432777445
367;4;10946;1304191712;7870423;27953909;0.28154999717570806
367;5;10959;1265194088;7726355;29098851;0.2655209650717824
367;6;10953;1226084688;7975243;29886247;0.2668532787004002
367;7;10963;1186743024;7619741;28501855;0.26734193265666395
367;8;10953;1147753576;8221658;30139104;0.272790392176224
367;9;10990;1108646912;7517631;27657296;0.27181366537061324
367;10;10991;1069637520;8155013;29654791;0.27499816134263094
373;0;0;1069637520;0;0;0.0
373;1;10978;1029679304;7752948;29248177;0.2650745719981112
373;2;10941;990139440;7759343;28506219;0.27219825259884517
373;3;10947;950104176;7688160;29041150;0.2647333180676385
373;4;10969;910464064;8032749;29295971;0.2741929598442052
373;5;10988;870622600;7556297;28494640;0.26518310110252313
373;6;10996;830982384;7351605;27316650;0.2691254235054445
373;7;10965;791143072;7757992;29577640;0.26229246146751395
373;8;10970;751500704;8451401;31107348;0.2716850372458623
373;9;10968;1960965128;7228058;29490887;0.24509462872378168
373;10;10955;1926320944;7035777;28030311;0.25100602701125935
379;0;0;1926320944;0;0;0.0
379;1;10968;1891115712;7134553;28401425;0.2512040505009872
379;2;10963;1855926016;7337417;28559263;0.2569189898212709
379;3;10963;1820736752;7549391;29289276;0.25775273516491154
379;4;10965;1785531088;7341489;28945051;0.25363537967164057
379;5;10944;1750341824;6942401;26439502;0.2625768442991097
379;6;10951;1715136752;7276319;28693216;0.2535902214655896
379;7;10953;1679946896;7445727;29084040;0.25600731535233756
379;8;10990;1644757632;7032929;27415913;0.2565272584575243
379;9;11033;1609642792;7158796;28132072;0.2544709824430991
379;10;10948;1574453528;6894575;27036328;0.255011516356807
385;0;0;1574453528;0;0;0.0
385;1;11008;1538703272;7139831;27962421;0.25533665343211875
385;2;10998;1502968712;7382314;29236543;0.2525029720511074
385;3;11003;1467218296;16494444;45325321;0.36391234824349067
385;4;10929;1431102120;8375192;30449019;0.2750562177389032
385;5;10965;1395642384;8521373;30791026;0.27674858902071015
385;6;10981;1359908256;8417380;30884478;0.27254402680854767
385;7;10984;1324157568;8815051;31862243;0.2766613449028055
385;8;10982;1288420784;8818304;31648415;0.2786333533606659
385;9;10975;1252672808;8268580;30032556;0.27532055546654105
385;10;10970;1216743264;8403316;29587559;0.2840151835438672
391;0;0;1216743264;0;0;0.0
391;1;10976;1180461424;7879929;28992422;0.27179271190244125
391;2;10974;1144165984;8314018;29825121;0.2787589026042845
391;3;10950;1107886720;8023638;29597513;0.2710916285432496
391;4;10976;1071409520;8677656;31356290;0.27674370915691876
391;5;10979;1035114080;8407490;30645606;0.274345692495035
391;6;10993;998834816;8872862;31645311;0.2803847306161725
391;7;10967;962704488;8869536;32293195;0.27465650270900727
391;8;10947;926409392;8730742;31914988;0.27356244031800986
391;9;10968;889756248;9168515;31957957;0.2868930263596011
391;10;10988;853468776;8625370;30766304;0.28035119200538355
397;0;0;853468776;0;0;0.0
397;1;11013;816919392;9358194;33659044;0.2780291086104525
397;2;10996;780079456;9114386;32519340;0.28027586045719255
397;3;11015;742864784;8548233;31580905;0.2706772652651974
397;4;10986;1955466160;9147673;32770920;0.279139950907695
397;5;10984;1919142248;9036909;32306439;0.27972470132037763
397;6;10956;1882840376;7820333;26749466;0.29235473336178003
397;7;10967;1846432008;8825536;31690603;0.2784906301719787
397;8;10998;1810539624;8571216;31160606;0.2750657673345634
397;9;10982;1774318384;8414391;29929653;0.28113894270675305
397;10;11002;1737917976;8615393;31635006;0.27233732783233866
403;0;0;1737917976;0;0;0.0
403;1;10975;1701038440;9145743;32785557;0.2789564624447283
403;2;10990;1664099728;8445832;30148171;0.2801440923232126
403;3;11005;1627697432;9228576;33264136;0.27743320914753355
403;4;11003;1590937352;9315478;33464669;0.2783675523579809
403;5;10964;1553968208;8688936;31607284;0.2749029622412353
403;6;10964;1516939688;8522390;30293503;0.2813273195906066
403;7;10963;1480447488;8599856;29991078;0.28674714526766926
403;8;10961;1443507456;8104128;30555127;0.26522972724021077
403;9;10965;1406478104;7363408;29336107;0.2510015388204031
403;10;11029;1369688448;7990751;30882043;0.25875072449060443
409;0;0;1369688448;0;0;0.0
409;1;10974;1332398416;7725839;30119821;0.2565034832046313
409;2;10975;1295359000;8226066;31534073;0.26086278166477256
409;3;10981;1257700072;7280516;27389155;0.26581747410608325
409;4;10986;1220128408;7431328;27405315;0.271163750535252
409;5;11002;1182831664;8058707;31159306;0.25862921979071035
409;6;10978;1145443672;8057298;30881893;0.2609068686301063
409;7;11005;1108412632;7483240;29683515;0.25210087147697974
409;8;10932;1071023584;7280541;27287897;0.2668047669631705
409;9;10997;1033726464;7545815;29380749;0.2568285444322743
409;10;11009;996305512;7678038;28677647;0.2677359826627338
415;0;0;996305512;0;0;0.0
415;1;10970;958466920;7836009;30133137;0.2600462407880069
415;2;11007;920388328;8186626;32113851;0.2549250789013127
415;3;11013;882731520;7852962;30479796;0.25764483463078297
415;4;10974;844711096;7989676;30261529;0.26402089596992934
415;5;11022;806692552;7925744;31012960;0.2555623197527743
415;6;10978;768763888;7770698;30409720;0.2555333623591404
415;7;10943;730837024;7531734;28630600;0.26306588056135743
415;8;11005;1943493240;7648000;30462086;0.2510661942192665
415;9;10991;1900126016;7767453;30968268;0.2508197423246273
415;10;10973;1856761352;8008537;31049618;0.2579270701494621
421;0;0;1856761352;0;0;0.0
421;1;10969;1813252160;7870325;30273337;0.2599754695030812
421;2;10987;1769277976;7768102;29873245;0.26003542634889515
421;3;10978;1725209256;8126233;30447909;0.26688969019186176
421;4;10948;1681197760;7817160;30562086;0.25577966111344624
421;5;10986;1637194368;7786034;30232528;0.2575383044381866
421;6;10990;1593632640;7841348;30669428;0.255673108738774
421;7;11001;1549629032;7568774;29621041;0.2555201891790366
421;8;11009;1505655304;7904344;30344959;0.2604829355676506
421;9;11023;1461577968;7337509;29611056;0.24779626231499477
421;10;10970;1417884080;7494767;30310000;0.2472704387990762
427;0;0;1417884080;0;0;0.0
427;1;10996;1372982560;7657741;30850409;0.24822170104778837
427;2;10981;1328876032;7204737;29301171;0.24588563371750569
427;3;11028;1284254832;7155723;29676709;0.24112252473817095
427;4;11006;1239698256;7226410;29206980;0.2474206508170307
427;5;10990;1195482944;7356188;30044471;0.24484331909188883
427;6;10962;1150861104;7237742;29096344;0.24875090836154534
427;7;11012;1106575208;6876523;27890722;0.24655234812494276
427;8;10988;1061956744;7125161;29210990;0.2439205586664471
427;9;11006;1017467320;7119598;28494704;0.24985688568654724
427;10;11015;972566520;7428525;30507925;0.2434949279572439
433;0;0;972566520;0;0;0.0
433;1;11031;927635968;8021175;32340602;0.24802182099145836
433;2;11028;882528696;7962009;32218433;0.24712589218724573
433;3;10972;837318272;7186684;29678251;0.2421532185302968
433;4;10981;792108224;7362715;29530729;0.24932384838857177
433;5;10985;747074968;7295560;30374901;0.24018382808885533
433;6;11028;1948160944;6953243;28853873;0.2409812713877267
433;7;11053;1908237624;7120628;30560317;0.23300242598923304
433;8;11003;1867869536;7804910;31726811;0.24600360874592786
433;9;10999;1827567520;7389750;30427907;0.2428609368367006
433;10;11040;1787265568;7333420;29750075;0.24650089117422394
439;0;0;1787265568;0;0;0.0
439;1;11000;1746872808;7633194;30928891;0.24679817973428145
439;2;11014;1705930056;7442644;30897292;0.24088337579875932
439;3;11007;1664992496;7630300;31264455;0.24405670912862545
439;4;11030;1624114816;15806448;45824239;0.34493639927113684
439;5;10961;1583750832;9243428;32017909;0.288695554728449
439;6;10977;1542901824;8620262;30243220;0.2850312235271244
439;7;10961;1502052896;9030057;31816456;0.2838171856727223
439;8;10983;1461571520;9408420;33886671;0.2776436788376173
439;9;11015;1420720032;9357685;34514728;0.27112150499925713
439;10;11037;1379871024;9120074;33463319;0.2725394334016898
445;0;0;1379871024;0;0;0.0
445;1;10978;1338475040;9527295;35173532;0.27086546213215096
445;2;10993;1297050360;8848617;31371416;0.28205985346660795
445;3;11006;1256050624;9242581;33892723;0.2727010455902289
445;4;11006;1214652080;9284238;34025530;0.2728609370669612
445;5;11014;1173435712;9306877;33587918;0.2770900238591746
445;6;10977;1132042384;8298856;30533779;0.2717926267822925
445;7;10975;1090646400;8784016;32618204;0.26929796625221913
445;8;11001;1049221400;8696877;32186926;0.2701990553555813
445;9;10965;1008310928;9012596;31249125;0.2884111475121303
445;10;10987;966914616;8510441;30508335;0.27895462010627586
451;0;0;966914616;0;0;0.0
451;1;10994;925153928;9587231;34879290;0.2748688691770962
451;2;11000;883210888;9676888;35539832;0.27228288529895134
451;3;11015;841267848;8678692;32468526;0.2672955341428188
451;4;11020;799324808;9099146;33622177;0.2706292932786595
451;5;11008;757472864;8965807;33322643;0.26906050039308105
451;6;11023;715508864;9137013;33694331;0.27117359890599996
451;7;11029;1914344744;9343083;32606389;0.28654148118026807
451;8;11018;1852796216;9105250;33298302;0.27344487415604557
451;9;11012;1790434064;9346932;34313940;0.27239460114460773
451;10;10980;1727933824;8816709;32459721;0.2716199871218856
457;0;0;1727933824;0;0;0.0
457;1;10969;1665220176;8610450;31506274;0.27329318598575003
457;2;11000;1602794856;8121725;30071929;0.27007662195531257
457;3;11045;1539880296;8879260;33178841;0.26761814856643124
457;4;11037;1476965736;8260280;32092957;0.25738606760355554
457;5;11007;1414191248;8817197;33795372;0.26089953973579577
457;6;11009;1351327776;8518865;32742899;0.2601744274384501
457;7;11007;1288362128;8149234;31638518;0.25757318974295823
457;8;11008;1225498704;8900405;34137744;0.26072036277499766
457;9;10980;1162981616;8471879;33176041;0.25536136153195615
457;10;10975;1100221584;8229432;30567706;0.2692198099523726
463;0;0;1100221584;0;0;0.0
463;1;11006;1036563816;8608523;33146065;0.2597147806232806
463;2;10993;972958856;8492506;33745352;0.25166446626486516
463;3;11037;909140928;8755203;33908849;0.258198177118899
463;4;11007;845335024;8545738;33009358;0.25888834311773046
463;5;11007;781592400;8149921;32067152;0.25415169392030823
463;6;11004;717934736;8793481;33961027;0.25892859482724123
463;7;11000;1888804728;8087565;30616593;0.26415626977175416
463;8;11002;1799758680;7940952;31450087;0.25249380073257033
463;9;10988;1710894920;8544841;31264061;0.2733119347483361
463;10;11026;1622023040;8469407;32932565;0.2571742286092808
469;0;0;1622023040;0;0;0.0
469;1;11040;1532327464;8088975;32151817;0.25158686988047985
469;2;11021;1441913568;7995533;32147197;0.24871633442878394
469;3;11008;1351401296;8022919;32047550;0.2503442228813123
469;4;11000;1261362480;7474312;30835926;0.2423897372175559
469;5;11016;1171200520;8270735;33713860;0.2453215087207457
469;6;11003;1080966040;7757417;32027245;0.24221305953727834
469;7;10999;990845504;7343818;28540480;0.25731235073831976
469;8;11004;900798584;7707485;31973532;0.2410582915894309
469;9;11024;810678104;8330674;33365625;0.2496783441041491
469;10;10985;720884872;7900128;30279907;0.26090331122879606
475;0;0;720884872;0;0;0.0
475;1;11073;1863152440;8777720;30949152;0.28361746389691067
475;2;11009;1745717152;8522617;33036507;0.257975729698058
475;3;10992;1628252032;8048678;29530322;0.27255639135936277
475;4;11014;1510588480;7720098;30323309;0.25459286122104946
475;5;11012;1393147968;7911808;32481481;0.24357904123891394
475;6;11005;1275311936;7851787;31995728;0.24540110479749047
475;7;11032;1158019296;7464234;30924300;0.24137115472298484
475;8;10976;1040578784;7832235;31698962;0.24708174986928594
475;9;10986;922775536;7362979;29337070;0.25097867646632743
475;10;11010;805202464;7719776;31084919;0.2483447359151877
481;0;0;805202464;0;0;0.0
481;1;11013;1912475352;7201889;29120628;0.24731228323784776
481;2;11032;1853774480;8347152;32910242;0.25363386875125377
481;3;11042;1795118800;7597115;30306762;0.2506739255087693
481;4;11024;1736520040;8223963;32270741;0.25484270720650637
481;5;11017;1677791680;8253932;33147207;0.24900837044882845
481;6;11033;1619500936;7973044;32511837;0.2452351123684583
481;7;11034;1561023560;7884415;32714906;0.24100374917782127
481;8;11027;1502181864;7295098;29764717;0.2450921337501714
481;9;11007;1443340168;7490220;31568370;0.23726977351063738
481;10;10995;1384678248;7604674;30897543;0.24612552525616682
487;0;0;1384678248;0;0;0.0
487;1;11035;1325518768;7498951;30767651;0.24372842112646168
487;2;11024;1266086008;7698629;32475650;0.2370585038328717
487;3;11024;1206636760;7381686;30272176;0.2438439179264814
487;4;11033;1147188008;7704679;32312370;0.23844363629161217
487;5;11000;1087739224;7463682;31357728;0.23801730788659178
487;6;10987;1028225512;7375777;30639370;0.24072874213797477
487;7;11027;968776448;7617120;30788252;0.2474034576565113
487;8;11016;909245720;8136464;33872618;0.24020770995616578
487;9;11012;850363824;7834789;32581109;0.24047029829463448
487;10;10987;790912368;7850821;31607041;0.24838835751818716
493;0;0;790912368;0;0;0.0
493;1;10995;730859160;7534429;30942108;0.24350083064799594
493;2;11049;1917327416;8093509;32844329;0.24642028765452934
493;3;11395;1854204560;11298800;67366476;0.167721404931438
493;4;11410;1790907368;11737179;68748865;0.17072542215787853
493;5;11380;1727610176;10821252;65215540;0.16593057421590007
493;6;11421;1664535336;10895485;65262884;0.1669476482222269
493;7;11382;1600958904;10505462;65258116;0.16098322544279398
493;8;11392;1537861648;9810208;61130439;0.1604799206496783
493;9;11434;1474564216;10185170;63758366;0.1597464088085319
493;10;11405;1411202392;10256194;64153001;0.1598708375310455
499;0;0;1411202392;0;0;0.0
499;1;11404;1347315096;10467204;64878287;0.1613360106132272
499;2;11426;1283141496;10357087;65211869;0.1588221156489166
499;3;11376;1219094544;10383254;63796152;0.16275674432526901
499;4;11447;1154966976;10613357;68344630;0.15529174713507118
499;5;11434;1091096320;10181400;64024616;0.15902321069758543
499;6;11423;1026906320;10712861;65924521;0.16250191639617678
499;7;11354;962658952;9800538;61512792;0.15932520182143578
499;8;11387;898796056;10171389;61785056;0.16462539096832735
499;9;11400;834733600;10888859;65361059;0.16659551063883465
499;10;11430;770686888;10602353;65413999;0.1620807955801632
505;0;0;770686888;0;0;0.0
505;1;11413;1935663840;10239154;63738951;0.1606420224895135
505;2;11393;1893559552;10370754;64697582;0.16029585155129908
505;3;11396;1851139328;10316479;64812023;0.15917538941810225
505;4;11377;1808706712;10408388;64928216;0.1603060832597033
505;5;11407;1766271712;10424539;64154731;0.16249057298673733
505;6;11453;1724159888;15232058;73553297;0.2070887182664293
505;7;11410;1681723048;12526527;68968140;0.18162773419726846
505;8;11400;1639286424;12450918;67684000;0.18395659239997636
505;9;11424;1596837192;13039860;70829115;0.18410310505785651
505;10;11432;1554742232;12208135;66979078;0.18226788669739527
511;0;0;1554742232;0;0;0.0
511;1;11425;1511812024;12580761;67568857;0.18619170959189082
511;2;11427;1469046344;12724939;69101302;0.1841490483059205
511;3;11427;1426265560;12429281;70344200;0.17669233568652426
511;4;11403;1383351616;12877613;71218731;0.18081778233313367
511;5;11416;1340421408;12527779;67117830;0.18665351665868815
511;6;11439;1297494960;12900541;70583297;0.18277045063508437
511;7;11434;1254891904;12264403;66788434;0.18363064179645236
511;8;11428;1211961000;12632297;69480034;0.1818119000920466
511;9;11427;1169030792;12596781;69238761;0.18193250165178432
511;10;11411;1126101688;12820619;69243224;0.18515340937908956
517;0;0;1126101688;0;0;0.0
517;1;11395;1083007784;12465726;68315818;0.18247203012338958
517;2;11389;1039583192;11767941;63416467;0.18556601395028835
517;3;10986;996159424;9266119;32561319;0.28457443631199336
517;4;11340;952737328;11711471;63612164;0.18410741379588974
517;5;11418;909308600;12232017;69103985;0.177008851226163
517;6;11473;866218264;13267086;77875485;0.17036280416102706
517;7;11295;822796248;11576593;61482429;0.18829108069233894
517;8;11063;779371840;9927368;39730609;0.24986699801153311
517;9;11385;735943648;12067007;67831278;0.17789738533306124
517;10;11381;1935878256;12370789;59658534;0.20735992272287482
523;0;0;1935878256;0;0;0.0
523;1;11288;1892978368;11287353;60925517;0.1852647881510796
523;2;11439;1849670624;12662663;70675992;0.1791649843415003
523;3;11336;1806745144;11553927;62385331;0.18520262399505422
523;4;11329;1763683368;11587837;63576781;0.18226523610876116
523;5;11196;1720769096;10668080;53372700;0.19987896433944694
523;6;11419;1677838424;11787305;71396030;0.16509748511226743
523;7;11058;1634551016;8971515;35502665;0.25269976211644957
523;8;11010;1591474048;8668449;34268959;0.25295337976271765
523;9;11034;1548559824;8721008;34364376;0.2537804847671321
523;10;11421;1505219264;11824806;66784225;0.1770598670569285
529;0;0;1505219264;0;0;0.0
529;1;11039;1461774448;8343752;32990914;0.2529106044167191
529;2;11007;1418374528;8800804;31767236;0.27704028137669895
529;3;11007;1374893680;8348733;32024897;0.26069507733311365
529;4;11066;1331103480;8994734;35181759;0.2556647039734426
529;5;11023;1287541696;9069420;35892642;0.2526818727916435
529;6;11015;1244140280;8837902;34782302;0.2540919229555307
529;7;11046;1200189736;8763417;35638431;0.24589794651734248
529;8;11048;1156789872;8514808;34237955;0.24869499361162195
529;9;11052;1112997016;8530798;34559634;0.24684283404158736
529;10;11030;1069599808;8456951;34492099;0.24518516544904964
535;0;0;1069599808;0;0;0.0
535;1;11063;1025728808;8651230;35458929;0.24397888610792504
535;2;11014;981449664;8653465;33496570;0.25833883887215914
535;3;11031;937486448;8934105;34493089;0.25901145009077037
535;4;11063;893600912;8880641;35020242;0.2535859403827078
535;5;11027;849336560;7849987;32407482;0.24222761274695764
535;6;11036;805601464;8364989;33928345;0.24654868959862322
535;7;11058;761158912;8671853;34210634;0.253484135956089
535;8;11175;704857232;10256115;38799875;0.2643337124153106
535;9;11056;1902843648;7953960;32417713;0.24535845573066797
535;10;11040;1847179152;8870808;35727835;0.24828842833605785
541;0;0;1847179152;0;0;0.0
541;1;11094;1790831688;8911919;35382431;0.2518741292818461
541;2;11058;1734448720;9005305;36689406;0.24544700996249436
541;3;10993;1677998496;8236182;34104985;0.24149496034084167
541;4;10992;1622027816;7557561;30379355;0.2487729249024543
541;5;11035;1565748144;7406336;30262997;0.24473240373384036
541;6;11032;1509400568;7388915;30326184;0.24364803036214513
541;7;11017;1453120896;7002328;29097547;0.24065011390822738
541;8;11057;1396899320;7832465;33842974;0.23143548199989752
541;9;11049;1341009424;7800854;33283727;0.23437441365866268
541;10;11021;1284664960;7722506;29893461;0.25833428922800206
547;0;0;1284664960;0;0;0.0
547;1;11047;1227763240;8147823;33974336;0.23982287689154544
547;2;11054;1170797376;8179673;34275387;0.23864567889488747
547;3;10999;1113794888;7632450;30558032;0.24976902962860958
547;4;11047;1056828488;8306581;34371401;0.2416712952724854
547;5;11046;999929744;7964830;33627318;0.23685593956675344
547;6;11014;943272584;7452318;30396515;0.24517014532751535
547;7;11021;886270872;7587216;31305738;0.24235863725685047
547;8;11037;829198520;7937138;31990073;0.24811253165943073
547;9;11039;772338440;8223741;34018320;0.24174447768143753
547;10;11001;715341784;8007215;32609464;0.24554880754863068
553;0;0;715341784;0;0;0.0
553;1;11083;1899944296;7558888;30190021;0.2503770368361122
553;2;11028;1839409576;7533923;29741659;0.25331213030181
553;3;11069;1779510208;8398925;34865248;0.24089675197491783
553;4;11064;1719290248;8136756;34315350;0.2371170919136771
553;5;11014;1659054504;7301912;30823036;0.23689788377757467
553;6;11044;1598833664;7835018;33780006;0.23194246916356379
553;7;11046;1538702728;7520773;33419270;0.22504300662462107
553;8;11044;1478485048;7761579;33865052;0.22919140948019215
553;9;11060;1418371504;8013892;34182912;0.23444146595819573
553;10;11052;1358350304;7700015;33562433;0.2294236237283513
559;0;0;1358350304;0;0;0.0
559;1;11037;1297486824;8027864;32732407;0.2452573683322464
559;2;11061;1236349528;7871833;33734447;0.23334702952148587
559;3;11043;1175486104;7832027;33602022;0.2330820151239708
559;4;11044;1115163200;7326914;31575290;0.23204581810650038
559;5;11079;1054324384;8234852;35204312;0.2339160043803725
559;6;11048;993552992;7695012;31733828;0.24248609401929072
559;7;11041;932475128;7809778;32843178;0.23778996052087287
559;8;11049;871703904;7281602;30001450;0.2427083357637714
559;9;11080;810733120;8378250;36062571;0.23232536582042362
559;10;11027;749959296;8023188;34322312;0.23376012664881085
565;0;0;749959296;0;0;0.0
565;1;11085;1914094944;8053379;35028350;0.22991031550158658
565;2;11066;1870678992;7914948;32791113;0.24137478956569727
565;3;11047;1828162264;8346592;35607930;0.23440261761916517
565;4;11091;1783924304;7915721;34150184;0.23179145974733253
565;5;11072;1739436600;8166564;35591811;0.22945064526219247
565;6;11015;1695235264;7646766;32237943;0.23719770209904523
565;7;11072;1650854288;8157688;35328976;0.23090643782033196
565;8;11049;1607548672;7799281;31737154;0.24574607414388827
565;9;11043;1563921168;6851805;30665420;0.22343750713344215
565;10;11051;1519611472;7845153;34803309;0.22541399727250072
571;0;0;1519611472;0;0;0.0
571;1;11074;1478027880;16376246;50060737;0.3271275450858824
571;2;11058;1434758192;9528635;35723236;0.2667349340916372
571;3;11048;1390015936;9755760;35977043;0.271166254547379
571;4;11035;1345745656;9442916;35259414;0.2678126187803348
571;5;11035;1301648432;9338403;35057368;0.2663749029875831
571;6;11023;1257306752;9137625;34123633;0.2677799576616007
571;7;11056;1212460080;9649348;35613849;0.2709436994580395
571;8;11042;1168222400;10399226;40394142;0.2574439135258771
571;9;11057;1125168440;11155772;41151748;0.27108865460587483
571;10;11104;1080641400;11347354;42038044;0.269930589539323
