ThreadPoolSize;RunNr;Runtime;Memory;L2-cacheMisses;L2-cacheReferences;L2-cache-miss-rate
1;0;0;960395784;0;0;0.0
1;1;1165859;1657894896;13649726549;4283009192;3.1869477596488895
1;2;1151400;1823309456;13625192003;3879364037;3.5122231048820747
1;3;1151574;1987000080;13625154147;3862948110;3.527138796332421
1;4;1153126;2152855520;13624338217;3860329551;3.5293199808474074
1;5;1156851;1345952768;13625668814;3864080512;3.5262383306158194
1;6;1158600;1511254336;13624967104;3873278193;3.5176835809583173
1;7;1159645;1674855232;13625232856;3878023888;3.513447376681038
1;8;1158959;1842473616;13624659749;3873496303;3.517406157958065
1;9;1160987;2008111504;13624646596;3888925895;3.5034472149539377
1;10;1163617;1198802064;13624620976;3883543853;3.5082958997553515
7;0;0;1198802064;0;0;0.0
7;1;172923;2028542624;1949472335;544108547;3.582873942614248
7;2;174724;1786006304;1962352200;548768023;3.575923008910452
7;3;172509;2518309408;1944691248;542381515;3.585467414021291
7;4;171875;2913571584;1944753841;538487306;3.611512879376956
7;5;172369;3243484480;1937663638;539521182;3.591450535486112
7;6;172192;3520502528;1949023906;543770594;3.5842760301966603
7;7;171258;3448689488;1953993769;545458597;3.582295301140886
7;8;170850;3210840912;1954094594;543926283;3.5925724773259393
7;9;171239;3078300816;1952111774;544313237;3.586375714026591
7;10;171360;2743163904;1953779458;543347693;3.595818079603036
13;0;0;2743163904;0;0;0.0
13;1;99243;5331419408;1041658938;286827298;3.631658999207251
13;2;98040;5702626064;1042890072;281379530;3.7063466272759786
13;3;97976;6140129920;1047846283;292238892;3.5855812203120454
13;4;98231;6461528832;1033817194;282689747;3.657073540767646
13;5;98118;6635203376;1043139799;289069049;3.6086180883377796
13;6;98240;3936849696;1042974347;289049500;3.608289746219938
13;7;98267;3933822944;1043069035;291227275;3.5816323694269365
13;8;98079;3974944304;1038450209;284236543;3.6534718514360764
13;9;98270;4020022576;1036193462;288201299;3.595380956280839
13;10;98248;4096857664;1040967041;288926967;3.602872559140525
19;0;0;4096857664;0;0;0.0
19;1;70094;5452144512;706811743;192960496;3.6629867649179344
19;2;69673;5897578816;709364199;192666661;3.681821210364984
19;3;69173;5825338016;728184491;196666927;3.702628103809239
19;4;69289;5944975248;718821763;193410353;3.7165630063246926
19;5;69173;5995364400;691297663;182772904;3.782276518405595
19;6;69282;6336123264;714030704;193151338;3.6967422094689293
19;7;69151;6378377280;714165826;194027706;3.68074148132226
19;8;69782;6596661648;707597491;193675594;3.65351914707436
19;9;69414;6892223280;713888907;197679583;3.611343651003149
19;10;69583;7044931376;716267403;198234891;3.613225701019504
25;0;0;7044931376;0;0;0.0
25;1;54001;7320357888;542491347;147675796;3.6735291882225574
25;2;53327;8316473632;541130080;149324739;3.623847485847606
25;3;53210;9402877984;533863355;142371070;3.749802224567112
25;4;53270;5990481088;541078808;149225271;3.625919419506365
25;5;53569;6927859440;538384921;149215919;3.6080930547363383
25;6;53122;7879189488;543302885;147173314;3.6915855886754034
25;7;53750;9162183392;510677373;141040520;3.6207848141796415
25;8;53494;5851290624;525113812;142342075;3.689097633289384
25;9;53250;6819443088;530079204;146843996;3.609811898608371
25;10;53235;7579198416;531727286;140705084;3.7790197118961246
31;0;0;7579198416;0;0;0.0
31;1;43870;6064045520;435075103;120059094;3.6238412976862877
31;2;43868;9075216512;423232361;112795007;3.752226027168029
31;3;43596;7627148576;430361337;119147858;3.611993905924855
31;4;43820;9745498016;431842970;116055444;3.7210057117182713
31;5;43411;10163396800;438944790;118666007;3.6989935121015742
31;6;43652;9359749760;432052108;117624411;3.673150023254952
31;7;43464;9100300448;436650630;119987795;3.6391253793771274
31;8;43838;9341113152;427829920;118560322;3.6085421562873288
31;9;43633;9238470800;427899896;119603906;3.577641486056484
31;10;43418;8960508912;425624219;117615125;3.6187881363047483
37;0;0;8960508912;0;0;0.0
37;1;37198;6933739936;350276563;96445868;3.6318462393847706
37;2;37154;9903701824;349935967;93344110;3.748881070267851
37;3;37055;8137164896;363507723;100144365;3.629837015792152
37;4;36990;6166447760;350354193;96848658;3.617543084592871
37;5;37467;7768718496;349691138;97108248;3.6010446610055205
37;6;37451;7584011024;343217270;91103795;3.7673213283815454
37;7;37277;7295763568;343007867;91849317;3.734462902974009
37;8;37025;7004691728;352448475;96611854;3.648087273017243
37;9;37074;6527490096;350866395;95237619;3.6841155699199075
37;10;36893;11833012176;356468370;95958736;3.7148089362077465
43;0;0;11833012176;0;0;0.0
43;1;32335;10718045184;304754415;82510752;3.693511543804618
43;2;32204;8611021648;309194650;82495899;3.7480002490790483
43;3;32196;7724522176;309083891;82055300;3.7667754672763367
43;4;32420;11227363856;300648543;80684396;3.7262290839978527
43;5;32455;9057385008;293395601;78191500;3.7522697607796243
43;6;32545;6962338944;298093931;82283660;3.6227597435505423
43;7;32333;10107153104;297803135;83394997;3.5709952120988744
43;8;32287;8182006960;293440023;77501188;3.786264837643521
43;9;32272;6646140320;300407802;83528829;3.596456524010411
43;10;32374;9788302464;293750710;82150224;3.575774912068408
49;0;0;9788302464;0;0;0.0
49;1;28710;10221955856;262667612;73555035;3.571035103171387
49;2;28863;10436909408;250916607;66910375;3.7500403636954656
49;3;28946;10708632384;264791379;73925276;3.5818788015076195
49;4;28842;11090893424;262286846;73846581;3.551780494753034
49;5;28831;11662978144;262625093;73720679;3.5624345375332207
49;6;28849;6879258560;255836609;68339052;3.7436370788403677
49;7;29622;9103412480;262764525;70547542;3.7246446516875102
49;8;28963;7983993600;255602689;68723065;3.71931445432476
49;9;28683;11542176224;257756606;68514551;3.762071008828475
49;10;28455;9237824080;259980623;69205604;3.7566411962823127
55;0;0;9237824080;0;0;0.0
55;1;25990;10678583256;233879129;64233965;3.641050789874173
55;2;25908;11792208016;229799787;62831789;3.65738093180826
55;3;25855;7321663504;234403874;63721247;3.678582655483814
55;4;26429;13698203360;236583381;64991318;3.640230545870758
55;5;25432;9046054896;229194835;62038758;3.6943814220136386
55;6;25512;11014860064;234618052;63475867;3.6961771943973605
55;7;25723;12859945376;224380320;62110599;3.6125930777128716
55;8;25852;14766375744;232119417;65272708;3.5561481071077976
55;9;25827;9435031344;229840231;63348889;3.62816514430111
55;10;26157;11329769584;230340996;63762947;3.6124584392248997
61;0;0;11329769584;0;0;0.0
61;1;23433;12388855632;210400407;59754661;3.521071050842377
61;2;23715;13321609152;208582223;56136236;3.715643189899658
61;3;23684;14353432112;203635149;55439548;3.673102619812124
61;4;23651;9706715056;213443076;60301692;3.5395868494038276
61;5;23415;13332915024;200187955;54387634;3.680762340204025
61;6;23270;9941926432;208651373;57540841;3.6261439592097724
61;7;23434;13603497344;213014465;58834932;3.6205440842525323
61;8;23398;9959821008;206907090;57303828;3.610702761428085
61;9;23359;13428528928;210819131;57743759;3.6509422775888214
61;10;23301;10086762528;204243080;55906789;3.653278674259042
67;0;0;10086762528;0;0;0.0
67;1;21706;11859373808;192615506;53623526;3.591996281632058
67;2;22103;13794055264;187736685;50491836;3.718159208946175
67;3;21773;15553068640;199021709;55559268;3.5821513883156273
67;4;21884;10254281296;191454964;53898707;3.5521253598903586
67;5;22137;11867778800;185453482;50664680;3.6604096186929436
67;6;21846;13481253632;189363612;51227376;3.6965315576577646
67;7;21992;14950426264;188423491;52446833;3.59265717722174
67;8;22024;9657917216;194560705;53865952;3.6119421968073637
67;9;22096;11102879968;200258274;56078837;3.571013321834759
67;10;22132;12790501328;192295979;52851324;3.6384325773938984
73;0;0;12790501328;0;0;0.0
73;1;20650;12986546528;176034968;49498995;3.5563341841586884
73;2;20697;13188548032;183196432;50543013;3.624564922554182
73;3;20617;13429139408;180166395;49710044;3.6243459168935757
73;4;20530;13946651984;170260638;47528658;3.5822732045158943
73;5;20776;12323457104;180609604;50070930;3.6070750832868494
73;6;20236;15247694832;173483477;47765292;3.6319986696616446
73;7;20811;10792856704;190950535;52754556;3.619602731563128
73;8;20862;14412060608;173879609;46565736;3.734067662970043
73;9;20857;9997309648;176019961;48828403;3.604868277178756
73;10;20492;13828540608;180422003;50682021;3.5598817774058378
79;0;0;13828540608;0;0;0.0
79;1;19371;16782691632;164753327;46231553;3.5636554757310446
79;2;19849;16726851448;165921010;46006708;3.6064525633957554
79;3;18938;16734119104;155601142;43425418;3.583181214283303
79;4;19244;16674384064;167042595;46857222;3.564927408628706
79;5;19283;16558702128;163761696;44706852;3.663011119637768
79;6;20119;16445144792;172724488;48336701;3.5733611195352366
79;7;19600;16427185952;162134679;45510947;3.5625424142459616
79;8;19137;16116952336;165293592;46166273;3.5803971440362967
79;9;19721;15890965136;162236767;45541393;3.562402384134363
79;10;19422;15716197776;172224088;47431492;3.6310071797867964
85;0;0;15716197776;0;0;0.0
85;1;19457;15401863216;158459615;44224040;3.5831103399870297
85;2;18801;13566392448;157245117;43653415;3.6021263628515663
85;3;18869;11629561312;168108626;46831395;3.589656596819292
85;4;18998;17628482016;167590488;45737915;3.6641479612702064
85;5;19136;15901559712;171932127;46608420;3.6888640936551806
85;6;19180;13657071840;162102419;44560614;3.6377959020044024
85;7;19779;11760077424;164042340;47109909;3.4821196534257792
85;8;19179;17993922416;166061086;47246739;3.514762913055227
85;9;19006;15973336288;161207573;45924725;3.510256686349238
85;10;18807;14010871536;152205725;42692329;3.565177364767333
91;0;0;14010871536;0;0;0.0
91;1;18279;10584731040;148720870;41603196;3.5747462767043188
91;2;18573;16130956688;153351554;42593920;3.600315584947335
91;3;18478;12815770928;152847770;42089616;3.6314840696099484
91;4;18567;13677953088;154109390;43161164;3.570556855232171
91;5;18514;15288899488;153877484;42763608;3.5983279053535426
91;6;18618;16705632816;148365987;42809779;3.465703174968504
91;7;18465;18065128464;153683335;43252236;3.5531882097378733
91;8;18566;11228878832;156442600;43677696;3.5817502827987995
91;9;17582;12842256560;145242182;40371471;3.597644039277142
91;10;18197;14257299744;162990094;45402468;3.5898950250898256
97;0;0;14257299744;0;0;0.0
97;1;17064;14518271840;138365534;39667517;3.4881319644988116
97;2;18666;14745936832;162239120;44963736;3.6082215232292976
97;3;18111;14899256384;145896477;42635154;3.421976076361774
97;4;17714;15267199136;138756907;38914467;3.565689515932468
97;5;18064;15097783928;150828346;42864674;3.518709742199369
97;6;17917;15119428144;141732388;41413425;3.4223778400361717
97;7;17705;14963997168;153616196;44423040;3.458029797150308
97;8;17724;15150676368;146629887;40893774;3.5856286338355563
97;9;18071;15075566144;144865073;39953189;3.6258700901197147
97;10;18172;15110696128;143443844;40090763;3.577977400928987
103;0;0;15110696128;0;0;0.0
103;1;18029;13880522656;139003081;40532446;3.4294274024321156
103;2;17430;13050736912;135870134;39113058;3.473779370562128
103;3;17685;11674358128;141424065;39196400;3.6080881152350726
103;4;17578;14422653152;139323999;38913391;3.5803612951644332
103;5;18428;18050465808;149734768;41850191;3.5778753793501203
103;6;17828;12589842160;144232323;39294056;3.670588829007624
103;7;17984;16231453952;155170077;42365697;3.6626348198638157
103;8;17972;15740432512;157973670;42983778;3.6751927669084834
103;9;17867;15330901728;146366011;41626593;3.516165999941432
103;10;17767;15002963376;146399988;41758332;3.5058868730676314
109;0;0;15002963376;0;0;0.0
109;1;17620;13836553712;147427895;43056799;3.4240328687694594
109;2;16883;12152075264;130379326;37224049;3.5025562640969015
109;3;17266;19353202544;129705622;38621484;3.3583800663899916
109;4;17360;17821234536;131223582;37484490;3.5007434274816065
109;5;16698;16245719328;130480756;37116449;3.5154428700870604
109;6;17387;13874204816;134912715;37752181;3.573640288490882
109;7;16935;11656411344;142154626;40573270;3.5036521828287444
109;8;17735;19327273936;132839218;38682332;3.4341057307506695
109;9;17403;11602309120;133742183;38916546;3.4366406258150453
109;10;17913;14933030512;140682728;39460621;3.565142271836016
115;0;0;14933030512;0;0;0.0
115;1;17674;16539785920;140486441;38682069;3.631823339129042
115;2;17549;17556461504;155290022;42856542;3.6234846479214307
115;3;17227;18607848992;142239759;40629065;3.5009360663357625
115;4;17138;19537627760;135635197;39726932;3.414187559210462
115;5;16797;12705155088;119023166;36297050;3.2791415831314117
115;6;17489;13932549232;140004893;40913099;3.4220065558954604
115;7;16766;15424985016;126611515;37538897;3.3728086096935668
115;8;17515;16686359952;141315479;40066252;3.527045130150931
115;9;17836;18154855888;138945390;38947263;3.5675264266965305
115;10;17247;19117857744;132130530;38447382;3.4366587040958994
121;0;0;19117857744;0;0;0.0
121;1;17050;19646768288;140045555;40070579;3.4949720841318515
121;2;16422;13823042912;118908265;35002219;3.397163619826503
121;3;17289;17727752672;133180752;36866429;3.6125210825274126
121;4;17373;12893837568;143718181;41268521;3.4825134877016795
121;5;16449;16691403888;122019416;35644739;3.423209691618166
121;6;16134;12392837360;122855647;36449430;3.37057800355177
121;7;17054;17037931904;128936852;36978710;3.4867860993528437
121;8;17284;12062899936;124273445;35831523;3.4682713598302812
121;9;17523;16695434416;133018187;38600747;3.446000332584237
121;10;17046;21472424368;132948342;37230382;3.5709636822958197
127;0;0;21472424368;0;0;0.0
127;1;16577;15170077376;133051917;38963690;3.41476685088091
127;2;16876;17694928520;123011991;35913850;3.4251964353585036
127;3;16296;13877362048;129213971;37377149;3.457031219796887
127;4;16854;20784307408;140181657;39726935;3.528630059177734
127;5;16291;18349895968;129687905;37838982;3.427362422170871
127;6;17112;15444816384;138077895;39761108;3.472687305394005
127;7;17792;12449318992;140702217;38949505;3.6124263196669637
127;8;17800;19260434816;133962734;37831935;3.540996092322531
127;9;15958;16042701760;118417140;35573897;3.328764908719447
127;10;17416;13205377200;131709017;37165146;3.5438853650675823
133;0;0;13205377200;0;0;0.0
133;1;16255;17961050704;115222226;33817661;3.4071613054492444
133;2;16701;14045909552;123597218;35191955;3.5120872938147367
133;3;17020;21229699456;122258773;36329135;3.365309220822351
133;4;16312;21185078784;116585229;34560948;3.3733226588576217
133;5;16965;20861540560;122932240;36744892;3.345559976064156
133;6;16556;20643021728;120423796;34906422;3.4499037455056265
133;7;15983;19858033280;114398169;33830619;3.3814979560379905
133;8;17031;19359645840;131248435;37719385;3.4796016690091847
133;9;15630;17975687584;110592240;33584430;3.2929616491927955
133;10;16460;17861928320;117113384;34359133;3.408508125044948
139;0;0;17861928320;0;0;0.0
139;1;16776;16575724272;131903061;38612087;3.4161080440951044
139;2;17155;15184695744;121013305;35277647;3.430311125909276
139;3;16094;13340063920;114315610;34619437;3.302064386546783
139;4;16539;22223430768;119357228;35348112;3.376622434601316
139;5;16482;21422006496;116418121;34736230;3.35148981337353
139;6;16183;19678595008;119409581;35168665;3.3953401700064534
139;7;16849;17879666888;119080937;35674411;3.3379930785682768
139;8;16466;16182407920;117765749;35250845;3.3407922278175177
139;9;17557;14801226224;123716061;35547512;3.4803015468424343
139;10;16874;22433815088;137318370;39896211;3.4418900080511405
145;0;0;22433815088;0;0;0.0
145;1;16209;19845545152;124244462;36716576;3.3838793138009384
145;2;15883;16879884240;123472704;36816902;3.3536961909505587
145;3;16888;13901772832;141190536;40775105;3.4626651727812843
145;4;16340;19676877112;116395439;34769252;3.3476543872729847
145;5;16499;16203254088;112024185;33601975;3.3338571616698127
145;6;16033;13834078800;121375667;36172544;3.355463939721796
145;7;17002;20170838696;120870741;36628660;3.2998952459631337
145;8;15869;16985746520;108928981;33369784;3.264299852824939
145;9;16469;14108594400;114265907;33999327;3.3608284952228615
145;10;16640;19582565088;118569820;34784458;3.408701092884644
151;0;0;19582565088;0;0;0.0
151;1;16091;15528585232;103987568;31753758;3.2748113782312003
151;2;16411;19859488016;103288432;32112263;3.2164793867065673
151;3;15965;15269067904;101443788;31643011;3.2058829041269177
151;4;16294;19381130752;105039450;32863347;3.196249304734542
151;5;16300;15222111712;105721432;32319578;3.2711266217646777
151;6;16621;20137571168;108850282;33282237;3.2705218101776032
151;7;16733;15117591632;117654410;34015824;3.4588140507782494
151;8;16051;19943346208;107302231;33045350;3.2471204269284484
151;9;16404;15637899088;113984232;34057077;3.346858921568636
151;10;16364;19568407656;114915819;34927595;3.2901154230630536
157;0;0;19568407656;0;0;0.0
157;1;15978;14367496496;105963388;32823391;3.2282888748453806
157;2;16152;17955850656;113487748;34376921;3.3012772726213613
157;3;16257;13013480768;110953070;33679810;3.2943496415211366
157;4;16189;17517576512;111237284;33901818;3.281159848123779
157;5;16254;13259498128;110481035;33783527;3.2702634926187546
157;6;15791;17516772208;112834689;34368975;3.283039107218065
157;7;15840;12496408400;116376000;35004479;3.3246031172182278
157;8;15935;17384031328;96533085;29989388;3.218908135104324
157;9;15763;12416694000;103005930;32230267;3.1959378431460093
157;10;16206;17745060128;108507449;32601940;3.3282512942481337
163;0;0;17745060128;0;0;0.0
163;1;15878;21218174640;94971597;30273461;3.137123865685526
163;2;16035;14948512864;96309301;30464577;3.1613536271979092
163;3;15999;17485022384;92147692;28557807;3.226707568967043
163;4;16403;20943544432;101453021;31472973;3.223496585467156
163;5;16255;14355845072;112455018;34271215;3.281325683959556
163;6;16313;16929478928;98546697;30910041;3.188177492226555
163;7;15966;18937642288;104512609;32434867;3.2222302314358187
163;8;15760;12663893280;101970113;31069716;3.281977633783328
163;9;15926;16134549408;96032525;30529026;3.1456137840755223
163;10;16070;18382863440;99759897;31359382;3.1811818549230337
169;0;0;18382863440;0;0;0.0
169;1;16063;19645274496;94038436;30013256;3.133230063409315
169;2;15948;12149151632;96200933;30224757;3.182852156594675
169;3;16234;14684385560;91820132;28990436;3.1672559874573807
169;4;15849;15839778112;95429864;29879425;3.193832009819466
169;5;15832;16570078896;92397594;29057908;3.179774469655558
169;6;15926;17282031376;99184458;31451992;3.153519115736771
169;7;16233;18487856544;90808921;28420476;3.1951935287783355
169;8;16114;19531880024;97535312;30218345;3.2276854341294996
169;9;15826;22056056248;110763448;33742719;3.2825881044144665
169;10;15823;14272094736;106964643;33085914;3.232936016215239
175;0;0;14272094736;0;0;0.0
175;1;16007;14279734272;94567742;30242034;3.127029815521006
175;2;16086;14165462736;94235558;30059610;3.1349561088783253
175;3;16028;14101049424;100039957;31314840;3.1946501083831182
175;4;15975;14244181752;73518474;23258244;3.160964086540669
175;5;16085;14364998240;86430302;27229698;3.174119007856789
175;6;16078;14499106896;107276044;33024847;3.2483434064054864
175;7;16360;14787398800;87852594;28017225;3.1356636497725954
175;8;15992;14607891552;88219336;28010759;3.1494803835911767
175;9;16005;14457351072;87457556;27903886;3.1342428792892862
175;10;15821;14047765136;88376516;28247443;3.1286554326350884
181;0;0;14047765136;0;0;0.0
181;1;16078;12929064544;83451448;26683948;3.127402586753654
181;2;16002;12831573216;88661279;28313297;3.131436052819988
181;3;15958;12609157360;89118692;28215198;3.1585350561778798
181;4;15949;12399340976;88917514;28573554;3.1118814971354283
181;5;15987;12479771616;88987657;28351367;3.138743080712828
181;6;16009;12378265568;86228404;27773289;3.1047242550207144
181;7;16061;12433194672;83903276;27012113;3.106135236440037
181;8;16471;12606366224;88688576;28571989;3.104039274269635
181;9;16088;12497893088;98279410;31455690;3.1243762257321332
181;10;16059;12551321008;91013800;29177718;3.1192912344961314
187;0;0;12551321008;0;0;0.0
187;1;16064;20440729440;82902843;26614362;3.1149663854425667
187;2;16214;18071868080;75475019;24353748;3.099113081074831
187;3;16110;15522665584;81411207;26475839;3.0749245378021826
187;4;16068;12702753184;83632633;26904392;3.1085122830502914
187;5;16212;19807264288;85189886;27368494;3.112699076536692
187;6;16160;17752032816;85596549;27529922;3.1092187257196007
187;7;16070;15400312560;89969575;28771119;3.127079450750595
187;8;16069;12719571072;91159195;29238493;3.1177802152799052
187;9;16098;20060314624;88894450;28644232;3.1033979196928723
187;10;15982;17763145024;93617907;30077671;3.112538434242465
193;0;0;17763145024;0;0;0.0
193;1;16114;14666571296;84350915;27356784;3.0833637097109077
193;2;16206;21203310728;81475386;26498359;3.074733269331886
193;3;16024;17830838560;84162541;27281509;3.084966487740836
193;4;16266;14766578320;83980717;27162146;3.091829231755105
193;5;16302;21582760936;81310857;26363847;3.084180279152735
193;6;16156;18379554368;81498326;26371769;3.09036250090011
193;7;16441;16006326800;73168216;23748042;3.081020995330899
193;8;16086;12802507616;79078324;25825261;3.0620532353961494
193;9;16306;19491307160;78875507;25686460;3.0707036703383808
193;10;16238;16373219904;81464496;26209139;3.1082476993998163
199;0;0;16373219904;0;0;0.0
199;1;16282;13309941120;70733038;22978476;3.0782301663521983
199;2;16434;20309774048;76078813;24511182;3.103841055074374
199;3;16161;17488244560;73197438;23703465;3.088048013233508
199;4;16194;14555531920;81321684;26342275;3.0871169631324555
199;5;16355;20880924624;75905367;24578715;3.0882561191665228
199;6;16235;18164785104;75804150;24630309;3.0776775882105256
199;7;16243;15229689680;73266591;23806588;3.0775762994680296
199;8;16601;22136893440;78233849;25332277;3.0883070242757884
199;9;16102;18986412144;73256468;23721243;3.0882221475493505
199;10;16221;16005555776;76090018;24515044;3.1038091549009663
205;0;0;16005555776;0;0;0.0
205;1;16727;12825033952;75943401;24689736;3.0759098031667897
205;2;16461;19479340848;70442232;22942975;3.0703181257007865
205;3;16172;16772483936;70406563;22920022;3.0718366238915475
205;4;16263;13212464816;70598722;22738770;3.104773125371337
205;5;16327;19433752744;72789675;23585254;3.0862366375193586
205;6;16378;16478982704;70660005;23076988;3.061924935784514
205;7;16396;13291638448;75819323;24652749;3.0754916216443045
205;8;16372;18888198456;67841330;21977422;3.0868647833217198
205;9;16246;16074067168;67375521;21862349;3.0818061224802515
205;10;16154;12536453488;70753404;23208487;3.048600453790891
211;0;0;12536453488;0;0;0.0
211;1;16372;18583697408;70359283;22993230;3.05999996520715
211;2;16449;15434525040;70361820;23161404;3.03789096723152
211;3;16381;19947026768;70355527;22688460;3.100938847325909
211;4;16277;16515760544;70446824;22946078;3.070103047675511
211;5;16249;12437358016;70083923;22681363;3.0899343659373555
211;6;16543;18625166400;72927677;23512799;3.1016161453172804
211;7;16235;15353238904;70479490;22733931;3.1001893161371874
211;8;16443;20155602272;70151052;22785286;3.078787424480869
211;9;16207;16655636072;67655202;22060117;3.066855991742927
211;10;16283;12755561312;70678314;23044475;3.06703945305762
217;0;0;12755561312;0;0;0.0
217;1;16471;18743065760;64794207;21565366;3.0045493779238432
217;2;16296;14800638856;64747733;21256743;3.0459855961941114
217;3;16460;19432225600;70481239;22844630;3.0852431840655767
217;4;16417;16016733416;65075798;21175345;3.0731871428777193
217;5;16608;21241428768;67392377;22098173;3.0496809396867333
217;6;16271;17239515648;67514629;22068270;3.059353043985777
217;7;16411;13031066432;64805667;21251220;3.0495033696888934
217;8;16531;18147854000;73101658;23735055;3.0799026166149606
217;9;16451;14442174000;67443419;21967272;3.070177261883041
217;10;16560;18880357968;67328700;22145892;3.0402342791159644
223;0;0;18880357968;0;0;0.0
223;1;16545;14041926552;64577226;21451995;3.010313306524638
223;2;16648;18451434664;64977245;21388226;3.0379913228895186
223;3;16418;14307150672;70300654;23103387;3.0428721987819363
223;4;16696;18079292992;64455980;21143654;3.0484787539561515
223;5;16341;13328147264;64776262;21296002;3.0417099885696857
223;6;16479;17707184720;62088262;20447020;3.036543320249112
223;7;16589;12994488368;64840220;21277775;3.0473214422090655
223;8;16636;18392080904;70614353;23098143;3.0571441608963976
223;9;16338;14539960968;64766412;21261234;3.0462207414677813
223;10;16672;18022973632;64688517;21269755;3.04133813483042
229;0;0;18022973632;0;0;0.0
229;1;16428;12581860896;62040668;20438707;3.0354497473837263
229;2;16796;18708682960;70345354;23021992;3.0555719939438775
229;3;16428;13949523760;65008361;21468137;3.028132389876215
229;4;16847;17081351120;70063415;22942463;3.0538750351259147
229;5;16646;21666274208;64581600;21299890;3.0320156582968267
229;6;16849;16478340864;64533665;21408163;3.014441967767155
229;7;16527;19039072032;64746408;21142259;3.0624167455331994
229;8;16445;13942131584;69811564;22907204;3.0475811888696676
229;9;16508;17428070032;67541178;22287883;3.03039898405784
229;10;16546;21305694080;64678052;21182375;3.053389999940989
235;0;0;21305694080;0;0;0.0
235;1;16661;16552292672;64768924;21142907;3.0633878302543733
235;2;16625;18496190336;67490407;22013111;3.0659186245869563
235;3;16425;12455848504;64642383;21164000;3.0543556511056513
235;4;16593;16726806256;62199819;20457239;3.0404796561256386
235;5;16460;19553708768;64750890;21324632;3.0364364552691927
235;6;16840;14153203936;64560510;21274252;3.0346782580181904
235;7;16818;18719714400;67251505;22221814;3.026373319477879
235;8;16727;13256131312;64406995;20939485;3.075863374863326
235;9;16631;16469349824;59133632;19548378;3.0249891832457916
235;10;16725;19527912864;62131405;20554841;3.022713967965016
241;0;0;19527912864;0;0;0.0
241;1;16659;13393046632;64940758;21656476;2.9986761465715843
241;2;17324;16307723024;64594247;21546879;2.9978470199790883
241;3;16853;17620958624;59340128;19424828;3.0548598937401144
241;4;16755;18670984640;62225125;20643085;3.0143326445635426
241;5;16583;20445558336;64778237;21351041;3.0339615290889097
241;6;16684;14640983488;67254469;22071951;3.0470559217896054
241;7;16855;15661897688;56660972;18956355;2.9890225204159764
241;8;16552;16317969232;61840472;20216324;3.058937519996217
241;9;16639;18686515072;61944150;20405010;3.0357324010132807
241;10;16815;19050634576;64725602;21289830;3.040212251577396
247;0;0;19050634576;0;0;0.0
247;1;16732;21501207888;67329449;22100734;3.0464802209736566
247;2;16676;14986417040;61988046;20494727;3.024585104256329
247;3;16706;16347268672;64721615;21290392;3.0399447318771773
247;4;16891;16410848536;64773893;21322549;3.0378118957541145
247;5;16701;15520779776;64554841;21123811;3.0560224667793134
247;6;16762;16499651232;62255152;20603680;3.02155498435231
247;7;16909;17116740960;64917528;21308632;3.046536633604635
247;8;16737;17792551296;64696304;21388877;3.024763946232427
247;9;16697;17999319896;64685538;21233461;3.046396345843007
247;10;16806;18534427480;64710112;21372762;3.027690665343113
253;0;0;18534427480;0;0;0.0
253;1;16897;16245670176;64596766;21617016;2.988236951853114
253;2;16982;16771242032;62248434;20727845;3.0031310056592955
253;3;16939;17298361016;64266332;21180865;3.034169378823764
253;4;16797;16899653808;59269758;19560376;3.0300929798077503
253;5;16676;16674036528;59480220;19637588;3.028896420476894
253;6;16878;16381246784;64834838;21377778;3.0328146358335277
253;7;16750;17092277480;64619990;21510556;3.0041059840573157
253;8;16889;17342045760;59139086;19714764;2.999735933942704
253;9;16811;17953554272;64689495;21384085;3.0251233569264246
253;10;16968;18165543088;59209550;19694552;3.0063923261620777
259;0;0;18165543088;0;0;0.0
259;1;16729;16899229616;59315234;19915500;2.9783452085059374
259;2;17301;16170754416;62018532;20796597;2.982148088939743
259;3;16947;16090060464;61927158;20698579;2.991855527860149
259;4;16832;15416194032;64519991;21299248;3.0292145056013244
259;5;16955;16154006176;59441045;19783839;3.0045253097743063
259;6;16914;15385708376;61654180;20449724;3.014915017923958
259;7;17008;15905433520;59075409;19536482;3.0238509164546614
259;8;16709;15563430536;61986016;20546872;3.016810344659761
259;9;16947;15885333472;62271431;20748114;3.0013056126450817
259;10;16906;15923271648;58952884;19573343;3.0118965370401978
265;0;0;15923271648;0;0;0.0
265;1;17017;14659495504;56483155;19084459;2.9596414024626005
265;2;17048;13673980352;61948791;20537864;3.01632102539972
265;3;17013;12641979696;56294785;19013526;2.960775660442992
265;4;16871;12942526016;59140901;19604901;3.016638594604482
265;5;16936;13398372448;59494456;20125684;2.9561457886350597
265;6;16848;12896437984;56524042;18892161;2.9919309919071724
265;7;16961;12792537768;64404957;21361245;3.0150376066563536
265;8;16881;13716328880;62137104;20954138;2.9653858345306308
265;9;17137;13505842640;56077848;18573543;3.0192326795162345
265;10;17032;12953437528;59348289;19782500;3.000039883735625
271;0;0;12953437528;0;0;0.0
271;1;17031;12659020488;59041125;19806805;2.980850520818476
271;2;17129;14258095328;58979803;19979090;2.952076546028873
271;3;16943;13091353696;59399488;19896566;2.985414065924743
271;4;17034;12885445256;58993870;19598552;3.010113706359531
271;5;17016;13123276288;59360988;19804097;2.9974094754231917
271;6;16881;12930969424;56887125;19069073;2.983213971649277
271;7;17044;21439169824;59433712;19759008;3.007929952758762
271;8;16889;18418477360;62046456;20645906;3.0052668068914
271;9;16994;14397892384;64835362;21683679;2.9900535790075105
271;10;17477;13065298864;58720662;19756019;2.9722922416707536
277;0;0;13065298864;0;0;0.0
277;1;17224;13197547880;56851162;19267146;2.9506789433162544
277;2;17015;13170300488;56460816;18975259;2.975496460944222
277;3;17111;12509853072;61936402;20733661;2.9872390601929877
277;4;16955;21262200488;56532058;18826451;3.0027995186134655
277;5;17248;18735297184;56245993;18799524;2.9918838902516893
277;6;16885;14732022048;50844226;17039278;2.983942512118178
277;7;17040;12453195936;61967822;20770784;2.9834127589984085
277;8;17286;20377645112;56308338;18744983;3.003915127583738
277;9;16858;17234841072;53690840;18144282;2.9591052431835
277;10;17254;13807374680;64516281;21586128;2.9887843248219412
283;0;0;13807374680;0;0;0.0
283;1;17131;19827397472;58729371;19759455;2.9722161365280573
283;2;17077;15352315584;56311483;18943288;2.9726351095966024
283;3;17355;21212754072;56655282;18982440;2.9846153603014156
283;4;17256;18118988632;53811377;18167099;2.9620236560608824
283;5;16966;12494561696;56634576;19120615;2.961964141843764
283;6;17262;18233303120;53956317;18284503;2.950931562099336
283;7;17066;14495486944;50898758;17114934;2.9739383160928345
283;8;16990;21007142336;53413492;17792437;3.0020335044603503
283;9;16999;17138532416;53544633;18019658;2.971456672485127
283;10;16960;13911058816;53578589;18041766;2.9696975894710085
289;0;0;13911058816;0;0;0.0
289;1;17731;18291973168;56571198;19171012;2.9508717640988382
289;2;17231;13164021552;59101965;19900157;2.969924558886646
289;3;17277;18429863392;56333771;18944518;2.9736185950996483
289;4;17152;21819265328;56311049;19197431;2.9332596116636647
289;5;17314;17826495992;59360329;19863948;2.988344965462052
289;6;17031;12851977216;59274172;19903720;2.978044908188017
289;7;17151;15853653424;50738732;17050882;2.975724774823965
289;8;17299;20159033168;56371012;18893565;2.983609075365078
289;9;16982;15238782672;56530823;19011316;2.9735354985420264
289;10;17295;21127319888;56195726;19006956;2.9565873672775376
295;0;0;21125222736;0;0;0.0
295;1;17244;15977693904;48000642;16371874;2.9318966173328724
295;2;17154;22144745840;56471229;18891463;2.989245936114106
295;3;17300;16374710896;56575460;19083842;2.9645739049820263
295;4;17392;20038905792;50971913;17382824;2.9323148528685556
295;5;17105;15769253040;53513104;18233569;2.9348672221000727
295;6;17241;19422502704;56225141;19022835;2.95566570387642
295;7;17283;13822253896;56334608;18824988;2.9925441652339964
295;8;17383;16987755648;50803584;17233035;2.9480346323210043
295;9;17058;21194380176;54073481;18297577;2.9552263122051623
295;10;16991;15533173784;59106484;19796985;2.9856305897084834
301;0;0;15533173784;0;0;0.0
301;1;17497;15466274512;56245847;19093412;2.945824821671475
301;2;17410;18920263296;56157443;18962886;2.961439677483691
301;3;17251;21774578104;56590907;18999366;2.9785681795908348
301;4;17089;15486822720;53807959;18329843;2.935538454966581
301;5;17161;20362898624;53552443;18188798;2.944254095295357
301;6;17478;13398223408;53582955;18214859;2.941716705026374
301;7;17321;17076983344;59173499;20050942;2.9511580553173014
301;8;17201;12475449616;53886361;18399937;2.928616603415544
301;9;17452;14952436912;56623015;19104574;2.9638459878770393
301;10;17150;18521639936;50872230;17267407;2.946141826621681
307;0;0;18521639936;0;0;0.0
307;1;17262;19557464792;53353985;18209256;2.930047498920329
307;2;17073;12636056320;56647385;19076401;2.9695006411324654
307;3;17329;16103188880;53699534;18136948;2.960781163401913
307;4;17297;18910219984;56523525;19412943;2.9116412179235267
307;5;16953;20267243544;53826240;18464719;2.9150857914490875
307;6;17231;17230631104;56395896;19180185;2.9403207529020183
307;7;17596;18254513920;59406817;19801260;3.000153374078215
307;8;17277;12907706512;53331430;17976873;2.96666889731045
307;9;17303;16132010096;51108064;17497543;2.9208708902729943
307;10;17408;17382414664;50890976;17266457;2.9473896121248266
313;0;0;17382414664;0;0;0.0
313;1;17276;17151511232;53524365;18171790;2.945464646025515
313;2;17421;17491643104;50818320;17536517;2.8978570830228145
313;3;17442;17234799744;50921695;17399213;2.9266665681947797
313;4;17454;18119141392;48134647;16727060;2.8776513625227627
313;5;17455;20743835392;56578473;19058954;2.9686032612282918
313;6;17601;18237243584;59272288;20218513;2.931584929119169
313;7;17252;19711009664;53366305;18088523;2.950285382615264
313;8;17481;20611312288;50830459;17513165;2.9024142123939334
313;9;17337;21185893872;48304774;16664243;2.898707970113014
313;10;17263;12946085904;51024968;17562654;2.9053107804777114
319;0;0;12946085904;0;0;0.0
319;1;17468;15451785024;48124407;16662677;2.888155786732228
319;2;17432;15760665616;50880766;17774828;2.86251805080758
319;3;17536;17883808520;40015943;14040967;2.8499421015660817
319;4;17381;17824002144;50838588;17408170;2.9203866919957697
319;5;17303;18678757440;51053030;17492687;2.918535614339867
319;6;17269;16727989824;48021855;16474971;2.9148369972851547
319;7;17663;15762810744;53701507;18359815;2.924948154434018
319;8;17545;17004100208;51035208;17559666;2.9063883105749277
319;9;17570;16603696240;50894668;17366938;2.9305493000550817
319;10;17398;15835880304;47955146;16499694;2.9064263858469133
325;0;0;15835880304;0;0;0.0
325;1;17358;15016298832;51143442;17717361;2.8866286576200597
325;2;17345;15918662984;45428416;15692336;2.8949428561815145
325;3;17637;14458906368;50866571;17372369;2.9280158048680636
325;4;17421;14447911536;50759859;17521072;2.897074962079946
325;5;17544;13531428496;48508631;16946854;2.862397410162382
325;6;17537;19141640448;45441132;15713161;2.891915382270951
325;7;17634;15922820144;50943665;17702532;2.877761497620792
325;8;17478;14818742288;48052556;16607967;2.893343658498358
325;9;18003;19886086296;53825068;18506426;2.908452880096892
325;10;17830;19883398592;48378125;16845963;2.871793378627271
331;0;0;19883398592;0;0;0.0
331;1;17978;17235865616;50881779;17647470;2.883233630656406
331;2;17664;13047066816;48305223;16808293;2.8738922506883955
331;3;17678;12318461152;45348439;15925976;2.847451170339576
331;4;17457;12557144824;50928256;17743567;2.870237759972389
331;5;17549;12391463776;50721444;17705558;2.86471875102722
331;6;18100;20515953264;50860886;17629664;2.8849605982280773
331;7;17975;18744224368;53521186;18438946;2.9026163426043983
331;8;17983;15877534080;51004181;17648519;2.889997795282426
331;9;17651;12612054552;51091977;17499166;2.9196806864967164
331;10;17967;20240390896;48073071;16744692;2.870943878812462
337;0;0;20240390896;0;0;0.0
337;1;18045;18272385360;48071874;16814584;2.8589392398884206
337;2;17641;15898619784;45243167;15728190;2.876565389914542
337;3;17785;12724172136;45438442;16103382;2.8216707521438664
337;4;18019;15691104032;48195043;17184171;2.8046184479891405
337;5;17919;13191436672;45411322;15928384;2.8509685602757946
337;6;17736;19040108192;45468548;15913751;2.8571860901933177
337;7;17342;16381557184;50992254;17677595;2.8845696487559533
337;8;17509;14754069736;48443172;16976060;2.8536169169995866
337;9;17514;14104107688;42460810;14730720;2.8824667090271214
337;10;17713;21531392016;48397589;16853292;2.8716994282185344
343;0;0;21531392016;0;0;0.0
343;1;17862;15585810808;51241763;17640152;2.9048368177326362
343;2;17625;13134043776;42732424;15345573;2.7846743813346038
343;3;17838;15798037952;45314428;15896766;2.850543815012437
343;4;17865;14677622848;51139256;17736500;2.8832777605502775
343;5;17871;20920466280;42609410;14996363;2.8413162578153117
343;6;17914;18988561152;51189565;17636574;2.90246648810591
343;7;17768;14286957128;42578458;15076125;2.8242308948751753
343;8;17978;19542403376;48194725;16913086;2.849552411665145
343;9;17665;14150576368;51286667;17848815;2.8733933877403066
343;10;18013;18408348064;48148367;16714711;2.8805982346927803
349;0;0;18408348064;0;0;0.0
349;1;17823;14185718672;45096230;15783337;2.857205038452895
349;2;18045;18575067296;45542986;15845430;2.8742032245259357
349;3;17776;13559174728;42682712;15141273;2.818964561302078
349;4;18165;17867614528;50749361;17603347;2.8829381707921793
349;5;17899;14943838960;42613216;15144508;2.81377354748005
349;6;18067;19466329504;48238471;16846537;2.8634057551412493
349;7;17991;21659773016;48008473;16839616;2.850924451008859
349;8;17706;18539019392;48329904;17081808;2.829320175007236
349;9;17722;15658191792;45379630;15926007;2.8494041224520372
349;10;17869;13712622768;51035444;17873661;2.8553436254609506
355;0;0;13712622768;0;0;0.0
355;1;18170;18600744000;48329534;16999518;2.8429943719580755
355;2;18026;15529262176;45439536;15983808;2.842847962137683
355;3;17957;16940102640;42415181;14867777;2.8528260142723423
355;4;18154;18323082544;48157352;16851231;2.8577943059471442
355;5;17739;12484649328;48091541;16630165;2.891825847789243
355;6;18077;20590314968;42782611;15210733;2.8126593899189474
355;7;17995;21452994720;42618382;15300099;2.785497139593672
355;8;17326;16208403784;51311311;18039573;2.8443750303845885
355;9;17518;14033916256;45373573;15961426;2.842701710987477
355;10;17681;16621376656;45445518;15923299;2.8540265431177296
361;0;0;16621376656;0;0;0.0
361;1;17866;12769611632;48277888;16936903;2.8504554817371277
361;2;17750;16238461984;45458405;16021677;2.837306294465929
361;3;17585;13616330168;40060552;14614582;2.7411356684713937
361;4;17845;16978068704;45407872;15940690;2.8485512233159294
361;5;17596;12733860240;45524854;16173878;2.814714813602526
361;6;17800;17546352848;45280348;16095364;2.813254052533388
361;7;17772;21786411792;42579894;15228154;2.7961297213043683
361;8;17509;16907434192;50987308;17986163;2.834807401667604
361;9;17579;21046054144;48048783;16850411;2.8514902692877935
361;10;17788;16104320416;42489046;15228706;2.7900627932537407
367;0;0;16104320416;0;0;0.0
367;1;17795;20763367840;45461105;15984029;2.8441580655290353
367;2;17541;21102130760;42633686;15120229;2.8196455225645063
367;3;17651;13571679088;45510988;16070363;2.8319825756269474
367;4;17681;19568664848;42672436;15089753;2.8279081837853806
367;5;17594;20306255496;42648670;15430021;2.764005959551189
367;6;17573;12772376384;45542134;16027949;2.8414199471186237
367;7;17789;16688854192;45560777;16308268;2.7937226074528576
367;8;17558;13069544736;45401152;15963307;2.844094397232353
367;9;17975;16981019680;45222155;16123392;2.8047544214021465
367;10;17588;13412151168;48048562;16988427;2.828311414588296
373;0;0;13412151168;0;0;0.0
373;1;17882;17513073728;42615406;15070891;2.827663341205241
373;2;17486;12636203840;42717194;15483415;2.7589000230246365
373;3;17603;17889884464;42478611;15137489;2.8061860854201117
373;4;17493;14113092896;45591388;16292482;2.7983083240478646
373;5;17684;18451841208;42487508;15308097;2.7754924730356754
373;6;17663;13008029888;42507610;15163657;2.803255837295713
373;7;18157;14238797312;42849702;15275704;2.8050885248889346
373;8;17723;14324169864;45589189;16213158;2.81186361102507
373;9;17869;15307381920;48311110;17081433;2.8282820299678604
373;10;17678;20162847504;45327459;15990692;2.8346152249070897
379;0;0;20162847504;0;0;0.0
379;1;17838;18675526160;45239408;16013874;2.8250133602899585
379;2;17876;15738134496;39810329;14520231;2.7417145774058276
379;3;17803;20751669968;42890113;15451339;2.77581852291248
379;4;17699;14439692464;37119862;13525576;2.744420052794794
379;5;17703;19134854800;42475795;15166651;2.8006047610642586
379;6;17918;15206066368;42757565;15480486;2.762029887175377
379;7;17811;17196841136;43866840;15861651;2.7655910472371383
379;8;17693;21157519600;42755266;15104420;2.8306459963374957
379;9;17607;12920958712;39933015;14553779;2.743824473354996
379;10;17858;14833677984;45321206;16377072;2.7673570709098674
385;0;0;14833677984;0;0;0.0
385;1;17999;14875879360;45244187;16186574;2.7951675876562887
385;2;17633;18518403104;42609001;15261462;2.791934416244001
385;3;17908;15268602376;42580634;15516119;2.744283799318631
385;4;17861;17176164088;48081740;16912362;2.842993781708315
385;5;17502;12633741792;45189200;15942628;2.8344887681002153
385;6;17748;16854156016;45736519;16393486;2.7899202768709475
385;7;17651;17812807360;39801283;14396171;2.764713131012406
385;8;17567;12554380064;42383447;15334052;2.7640082999588107
385;9;17853;17822541208;39917901;14442743;2.763872555234141
385;10;17594;19626637656;39828447;14515894;2.7437818848773627
391;0;0;19626637656;0;0;0.0
391;1;17622;13562254800;47864852;16998170;2.815882650897126
391;2;17786;15339152656;45388949;16574182;2.738533280254796
391;3;17977;15333203152;42431156;15333097;2.767291956739072
391;4;17692;15293935088;42855766;15517460;2.761777120740121
391;5;17718;17776534160;42705496;15509392;2.7535248319211996
391;6;17961;15509250832;39639717;14433599;2.7463501653329847
391;7;17958;18073655088;42812304;15517163;2.7590290828291226
391;8;17733;21530793680;42778572;15663149;2.731160381606534
391;9;17521;15157533584;44926739;16084656;2.7931426696349613
391;10;17812;18062911464;37057241;13584987;2.7278083519697147
397;0;0;18060835120;0;0;0.0
397;1;17612;12309890776;45287187;16251249;2.786689626132736
397;2;17791;16322107680;39815926;14580736;2.7307212749754197
397;3;18088;18552259920;47968814;17064457;2.811036647694093
397;4;17803;14083430464;39910807;14488561;2.754642576305542
397;5;17810;15436318472;48499325;17171886;2.824344687589936
397;6;17759;16791726192;45113464;16015256;2.8169055805289656
397;7;17601;13123571824;40045513;14725987;2.719377179947259
397;8;17800;16208727664;34131609;12785307;2.669596357756603
397;9;18020;18298421168;36985371;13480756;2.7435680165118335
397;10;18139;20168365920;42692264;15184345;2.8115973392332694
403;0;0;20168365920;0;0;0.0
403;1;18136;13768360384;42425658;15171215;2.7964575019205777
403;2;18134;18182212432;39969518;14684941;2.721803104282135
403;3;17810;13655005568;48182926;16980051;2.8376196278797985
403;4;18038;15447767424;40024801;14552067;2.7504546948553767
403;5;17686;16741327568;42823648;15783040;2.7132699403917115
403;6;17973;18824029136;45454036;16184380;2.8085126523227952
403;7;17882;14183156896;42477389;15222258;2.790478850115403
403;8;18117;15817465424;42519959;15540836;2.7360149093652364
403;9;17930;17295741568;48189853;17004210;2.8339954046674323
403;10;18043;20086574144;48199512;17438136;2.76402890767683
409;0;0;20086574144;0;0;0.0
409;1;17767;14416068768;39884944;14643942;2.7236480450414238
409;2;17880;16892167016;36965604;13680696;2.702026563560801
409;3;18091;19377412032;42543722;15670923;2.714819159024647
409;4;17765;14703298768;37009405;13799575;2.681923537500249
409;5;17704;14265700848;37113835;13887057;2.672548618472582
409;6;17927;17289723152;40107393;14935385;2.685393982143748
409;7;18108;16960971008;37136763;13729660;2.7048567116738504
409;8;18025;18041216720;48018455;17004572;2.823855548966478
409;9;17999;16553742976;37153486;13972180;2.6591044489836233
409;10;18132;17409023976;42831503;15614310;2.7430929064428717
415;0;0;17409023976;0;0;0.0
415;1;17844;17526239920;39899378;14757858;2.7036022436318334
415;2;18116;16145860584;39879835;14576624;2.7358759476817127
415;3;17904;17561207240;45204277;16224968;2.7860934456080284
415;4;17957;19056302200;42766578;15761594;2.713340922244286
415;5;17869;21295398640;45285917;16262770;2.7846373649753393
415;6;18067;15224341088;42620186;15419065;2.764122597576442
415;7;17934;16748879808;34469553;12892719;2.6735673832649267
415;8;17986;16405131992;45245424;16462675;2.748364041688243
415;9;17964;17537951280;40018040;14843267;2.6960398947212902
415;10;18127;12250460480;45366449;16515120;2.7469645391616893
421;0;0;12250460480;0;0;0.0
421;1;18189;18008633808;40245416;14889405;2.7029566325853853
421;2;18100;18669542464;42753550;15592119;2.741997415489197
421;3;18077;13131955040;39822660;14587196;2.729973601506417
421;4;18128;15915205488;37084700;14130838;2.624380804592056
421;5;18180;17834984784;40096588;14930792;2.6854963889390464
421;6;17980;13727935632;39665249;14609642;2.715004857750792
421;7;17923;13083212784;42838986;15556181;2.7538240908870883
421;8;18357;20198287072;37297332;14013520;2.661524870268141
421;9;17963;13850518176;45405394;16501654;2.7515662369360063
421;10;18172;15879225472;42563836;15599565;2.7285271095700425
427;0;0;15879225472;0;0;0.0
427;1;18172;15675995136;37243569;14024803;2.6555502419534878
427;2;18044;15500117568;37219757;13806197;2.6958732372136947
427;3;18343;12850014080;33999360;12782495;2.659837535629781
427;4;18097;14792236200;34281124;12903607;2.65670862418547
427;5;18085;13504986000;37065854;13821080;2.681834849375013
427;6;18237;14845140136;34365174;13085424;2.626217843609806
427;7;17967;15657878160;39906701;14742606;2.7068959856893686
427;8;18568;21320509328;42950387;16029688;2.6794275097556484
427;9;18180;14845979136;42907453;15673269;2.7376198928251663
427;10;18187;13527164336;37003980;13769269;2.687432426514436
433;0;0;13525067184;0;0;0.0
433;1;17973;15309236768;36853492;13874638;2.6561768314243586
433;2;17869;16951779824;37150170;14015085;2.65072741264145
433;3;18263;16733223464;31656536;12256376;2.5828626667458634
433;4;18029;15480150544;34285440;13086186;2.619971930706166
433;5;17997;13170690040;39870305;14753667;2.702399681380907
433;6;17972;12931634760;37001469;13955077;2.6514700707133323
433;7;17983;16839160112;37153976;13925687;2.668017455799488
433;8;18077;19342615824;42831952;15853521;2.7017311800955763
433;9;18066;19841174616;39794966;14998877;2.653196369301515
433;10;17925;17482987424;34187404;12954723;2.6389915091198786
439;0;0;17482987424;0;0;0.0
439;1;17914;17336522232;37045467;13870150;2.6708771714797606
439;2;18357;15727704224;37015990;13931145;2.657067312126893
439;3;18091;13068138416;31794844;12604034;2.522592687388815
439;4;18452;18903299528;39947921;15013925;2.6607246939091542
439;5;17921;19195115440;37102307;13840289;2.680746550884884
439;6;17905;12726339320;39868286;14705973;2.7110267372311916
439;7;17831;14464707336;37288229;14108689;2.642926568159522
439;8;18320;19185605184;42759892;15824362;2.702155827830531
439;9;18185;18657309872;37217238;13898502;2.6777877212954317
439;10;18306;16865147616;39692831;14716123;2.6972342511679197
445;0;0;16865147616;0;0;0.0
445;1;18393;13800181504;37079665;14165358;2.617629925060842
445;2;18246;12799552976;39813923;14877450;2.676125478492618
445;3;18081;14563605520;37220808;13996632;2.6592688869722374
445;4;18329;13949719120;40116938;14873983;2.6971214099142107
445;5;18059;15331706480;37267444;14029070;2.656444368728647
445;6;18180;15791768136;37129727;14139911;2.6258812378663485
445;7;18405;15617681600;37344456;14142974;2.6404952734834977
445;8;18134;14541817616;39913349;14782664;2.7000105664310574
445;9;18243;21087289536;31496733;12210840;2.5794075591851175
445;10;17893;12389390024;39827689;14789449;2.6929799075002725
451;0;0;12389390024;0;0;0.0
451;1;19342;13838500072;36532820;14073113;2.595930267880319
451;2;17981;15368123520;39794153;15147908;2.6270395225532135
451;3;18174;13117203424;40061356;15029299;2.665550535657052
451;4;17922;13058751200;37461491;14228323;2.6328816825426298
451;5;17923;13474655568;39987252;15008396;2.6643254882133975
451;6;18449;18792193424;37296894;14025818;2.6591599862482176
451;7;18246;17020485296;31755456;12271829;2.5876709983491457
451;8;18132;13480544440;37269152;14179503;2.628382109020323
451;9;18311;12656802992;37283132;13784942;2.7046274115625586
451;10;18184;13130046800;39967600;15143753;2.639213674443845
457;0;0;13130046800;0;0;0.0
457;1;18264;16713230312;34360643;13269520;2.589441291018816
457;2;18434;14979989248;31596814;12180613;2.5940249476770996
457;3;18289;17884058784;34321624;13364923;2.568037541256317
457;4;18130;12969820752;37179012;14191489;2.619810507551392
457;5;18390;16454506096;40032458;15090223;2.6528738508370617
457;6;18348;15694024368;39793545;14960669;2.659877375804518
457;7;18197;13610063248;31788792;12367473;2.570354671483819
457;8;17942;16576846776;39913440;15028371;2.6558726824084924
457;9;17958;18025290912;37203278;13993905;2.658534411945772
457;10;17970;13890384672;37320226;14259257;2.6172630172806337
463;0;0;13890384672;0;0;0.0
463;1;17715;13908450160;34472842;13204671;2.610655123478654
463;2;18120;15876724176;34511641;13434539;2.568874227839154
463;3;18203;15106216192;34315174;13350871;2.5702573262823076
463;4;18035;12830825760;39852057;15142915;2.6317295580144244
463;5;18253;12338488032;37369996;14157355;2.6396170753647135
463;6;18051;19442962128;34323045;13090773;2.62192652794453
463;7;18523;13690046432;34084204;13319020;2.5590624535438793
463;8;18432;15182637856;34407213;13339536;2.5793410655363127
463;9;18117;14135629992;34409026;13494467;2.549861806324029
463;10;18261;14668666144;37241204;14348117;2.595546439996273
469;0;0;14668666144;0;0;0.0
469;1;18156;15659262416;34364265;13362036;2.571783596451918
469;2;17942;13192803584;39912710;14991096;2.662427750445998
469;3;17832;13318772168;40344595;15308666;2.6354089245921233
469;4;18686;21200505992;37045117;14280273;2.5941462743744466
469;5;18156;15813855888;37179388;14150268;2.627468822498627
469;6;17978;13142966880;37215965;14164634;2.6273862776828545
469;7;17759;20552270968;34353112;13421124;2.559630028006596
469;8;18181;18379170976;34420983;13535267;2.543059032378157
469;9;17961;18086811728;34503115;13340417;2.586359556826447
469;10;18337;17135830560;31706708;12496313;2.537285037594689
475;0;0;17135830560;0;0;0.0
475;1;18190;18611002672;37012860;14159183;2.6140533673447117
475;2;17882;14588760176;31595834;12468215;2.534110456067689
475;3;18054;17990790136;39944116;15013874;2.660480299754747
475;4;17835;16325065584;34285508;13640062;2.5135888678511873
475;5;17952;17506444944;34382864;13365674;2.5724751329412943
475;6;17935;14348175088;37262340;14384735;2.590408512913168
475;7;18124;12709112392;31693909;12505002;2.534498515074208
475;8;18084;16121085832;34327384;13391376;2.563394829627665
475;9;18163;19475094720;39964056;15189508;2.6310303138192492
475;10;17757;15971790232;31720884;12642691;2.509029446341764
481;0;0;15971790232;0;0;0.0
481;1;18021;13197256064;37085989;14198134;2.6120326093555675
481;2;17853;14333378560;39842891;15069905;2.6438714112663617
481;3;18243;12838260184;34466533;13519819;2.549333907502756
481;4;18277;17624419184;31610284;12607183;2.5073233251234632
481;5;18085;16792811088;28924634;11845780;2.441766941476205
481;6;17684;12765971248;34382719;13320706;2.581148401593729
481;7;18089;17840978448;31593204;12598771;2.5076417374361357
481;8;18662;17045532528;33822619;13453412;2.514055096209051
481;9;17689;15817448128;37160174;14385684;2.5831357063035725
481;10;17986;16383020288;34517007;13487884;2.559112089042284
487;0;0;16383020288;0;0;0.0
487;1;17977;16010196416;36959590;14225667;2.5980918856036768
487;2;17708;13140454344;34360743;13473648;2.550218248242792
487;3;17834;15374228944;37179670;14363966;2.5883986358642175
487;4;17990;17418653384;37010018;14169633;2.6119249524670116
487;5;17898;16278277120;34175015;13412888;2.5479236835497323
487;6;18360;16494056656;28627591;11680070;2.4509776910583585
487;7;17877;21091812832;34452074;13503608;2.5513236166215725
487;8;17622;16754446712;34321106;13385138;2.564120444630455
487;9;17956;19023405000;34604707;13525012;2.558571260417366
487;10;18249;20381081576;34425001;13375108;2.573811067544277
493;0;0;20381081576;0;0;0.0
493;1;18004;17014093856;31369827;12592613;2.491129283493426
493;2;18106;18762291968;34416299;13388932;2.570503681697689
493;3;18081;16321913888;37316612;14600839;2.5557854586301514
493;4;17968;13601645120;34542613;13446440;2.568903962684547
493;5;18451;13014030976;34343530;13299224;2.5823709714190843
493;6;17942;13820918528;31686174;12590791;2.516615040310017
493;7;18090;18751225744;31695804;12492575;2.537171399811488
493;8;17853;18017843064;37253026;14403781;2.5863366014798475
493;9;18218;19147039056;34461762;13642822;2.5259995329412055
493;10;18323;19317192016;37328100;14375635;2.596622688319507
499;0;0;19317192016;0;0;0.0
499;1;17921;12814239768;31692543;12645230;2.50628442503616
499;2;18077;17605700280;37256941;14234471;2.6173744707478064
499;3;18292;17107589632;34355004;13532886;2.5386310059805424
499;4;18240;18609315744;34347389;13619696;2.521891017244438
499;5;18104;17377075616;34506322;13495557;2.55686534464639
499;6;18079;14222394632;37050147;14468728;2.560705198134902
499;7;17955;17463276264;37469383;14582430;2.569488281445548
499;8;17582;13366485352;37349507;14245263;2.6218896063905595
499;9;18016;14215059840;31680004;12597273;2.514830312878033
499;10;17964;12790851232;37369105;14517958;2.5739918106940385
505;0;0;12790851232;0;0;0.0
505;1;18126;13920766672;28805777;11751543;2.4512335954521034
505;2;18107;14522345712;34520763;13652854;2.528464964175256
505;3;18353;13595072336;28856385;11910400;2.4227889071735627
505;4;17992;14751494496;34290842;13500330;2.540000281474601
505;5;18248;15859189808;28964762;12017344;2.410246556976317
505;6;17994;17746111064;31747152;12719331;2.4959765572576105
505;7;17804;16467422608;31662183;12649140;2.503109539462762
505;8;18090;14715492416;34299525;13596992;2.5225818328053733
505;9;18098;13039274128;37103438;14285924;2.5972025330668145
505;10;18122;15642075920;31438223;12611628;2.4927965683732505
511;0;0;15642075920;0;0;0.0
511;1;18145;16207802928;34657520;13892721;2.494653135264143
511;2;18330;18753566528;28733440;11771804;2.4408697256597205
511;3;18792;12311751904;34221194;13962033;2.4510179857045173
511;4;18422;16573891712;34242294;13659279;2.506888833590704
511;5;18379;19650651784;29038674;11928684;2.434356882955404
511;6;18027;18612367104;36940938;14227220;2.5964972777534894
511;7;18081;16335548056;31774533;12732691;2.4955080587442198
511;8;18215;16917494384;31623129;12722344;2.485637002112189
511;9;18148;13643845984;31836475;12915093;2.4650596786256203
511;10;18701;17626534368;37316125;14345279;2.601282624060501
517;0;0;17626534368;0;0;0.0
517;1;18343;15044992344;31670389;12782520;2.4776326577232033
517;2;18181;17855921616;34350093;13631952;2.519822032824059
517;3;18443;12393557176;31446514;12773561;2.4618439603490367
517;4;18070;12260652208;34568286;13574475;2.5465652262794696
517;5;18151;13353029248;31764937;12782105;2.4851100033992837
517;6;18543;17133533808;31453166;12624236;2.4914906533749845
517;7;18158;16639758352;31619072;12797139;2.47079226067639
517;8;18043;15869232824;31537242;12708166;2.4816517190600123
517;9;18216;20833867744;34640762;13532685;2.5597848468356426
517;10;18062;14186298688;34289740;13531576;2.5340536830299736
523;0;0;14186298688;0;0;0.0
523;1;18141;20085694264;28999478;12101894;2.3962759878742945
523;2;17905;17618602384;31500991;12886094;2.444572498074281
523;3;18044;12503590752;31629272;12743499;2.4819927399845207
523;4;18076;15140397952;28844057;11944219;2.414896863495219
523;5;18560;21061108192;26037264;11164940;2.3320558820737056
523;6;18695;18251828912;31486301;12772580;2.4651480750169505
523;7;18560;17060023936;28894302;11863689;2.4355242285936525
523;8;18654;16496634576;31704468;12952701;2.447710944613019
523;9;18171;17517140336;28746299;11824668;2.431044913903714
523;10;17991;14802130472;37287399;14591672;2.555389060280412
529;0;0;14802130472;0;0;0.0
529;1;18035;14244540688;37064987;14582134;2.5418081468734273
529;2;18301;14048653256;34142764;13572554;2.515574003242131
529;3;18468;16783682224;34441663;13704021;2.5132523512624507
529;4;18231;17658365328;37444016;14637732;2.558047653830525
529;5;18136;15339092424;34527227;13701648;2.5199324198081867
529;6;18280;15148181216;31770908;12888270;2.465102608806302
529;7;18376;18777619504;37174663;14667578;2.5344786303505598
529;8;18298;12445154960;31876901;12941505;2.4631525467864828
529;9;18638;19068380384;31999235;12888060;2.4828589407560178
529;10;18317;12834756248;31470400;12585833;2.500462226060047
535;0;0;12834756248;0;0;0.0
535;1;18151;16521051496;34572687;13830847;2.499679665316231
535;2;18745;12579042720;31814734;12990767;2.4490266048186378
535;3;18423;16008406560;28945945;12166159;2.3792180424405105
535;4;17937;13884987552;28802232;11971441;2.4059118697573667
535;5;17930;16807761216;34473635;13672051;2.521467700786078
535;6;18280;12957340688;34497421;13832397;2.493958277802466
535;7;18523;14150663712;31435453;12667503;2.481582439727861
535;8;18353;14070148800;31753726;12839261;2.4731739622708813
535;9;18355;19232624224;31656822;12895431;2.454886695915786
535;10;18042;12934951712;31715692;12938713;2.4512246310742034
541;0;0;12934951712;0;0;0.0
541;1;18364;15921545040;31845778;13021114;2.4457030327819878
541;2;18241;20930804688;28966839;12093027;2.395334021829274
541;3;17982;12729733904;29028460;12292236;2.3615280409520287
541;4;18508;17568709024;34437546;13799843;2.4955027386905777
541;5;18463;14679325352;26101456;11148057;2.3413457609698263
541;6;18270;13459901152;29007948;12259200;2.366218676585748
541;7;18258;20787962144;31819450;12942541;2.4585164536082984
541;8;19088;17411271344;31400583;12941330;2.4263799006748146
541;9;18371;13385426432;31466499;12731029;2.4716383098334
541;10;18407;18429751264;28958897;12140012;2.3854092565971103
547;0;0;18429751264;0;0;0.0
547;1;18005;19626934352;34355899;13928131;2.4666553610100306
547;2;18147;17841534696;28963599;12052985;2.4030229026253664
547;3;17801;20928101192;31506661;12729068;2.4751742232817047
547;4;18378;17659973024;34550447;13893045;2.486888007632596
547;5;17945;15526217456;31788411;13117776;2.423307960129827
547;6;18140;17145796576;28966303;12117464;2.390459175286182
547;7;18068;16493385216;31969007;13142391;2.4325107204617487
547;8;18019;15864960864;28831341;12013223;2.3999671861581193
547;9;18099;14991637696;31634902;13039130;2.426151284633254
547;10;18222;19039274128;26246732;11087591;2.3672168282542168
553;0;0;19039274128;0;0;0.0
553;1;18125;18069080080;28869971;12231649;2.36026810448861
553;2;17849;17837437008;31511538;12996271;2.4246599659240715
553;3;18162;15395088368;31689618;13030817;2.431898015297122
553;4;18138;15078790760;31553110;12958448;2.434945141578683
553;5;17825;16192181120;31748288;13107688;2.4221119697081592
553;6;18340;14000042704;31915837;13010735;2.4530387407014285
553;7;18055;19770232096;26153384;11376177;2.298960714130942
553;8;18105;18049722672;31611190;13103500;2.412423398328691
553;9;18326;14385830720;31527886;13066840;2.4128164116190294
553;10;18280;16424914200;31488714;12906503;2.439755679753067
559;0;0;16424914200;0;0;0.0
559;1;18454;14510989440;28548884;12016002;2.375905396820007
559;2;18155;19083835536;40015588;15821661;2.5291647950237337
559;3;17749;15438250216;37174258;14749609;2.520355488745498
559;4;18383;16604461712;31587235;12966358;2.4360915378088435
559;5;17892;16863000640;28905261;12263963;2.356926631301807
559;6;18322;13758523096;28922786;12274724;2.356288092506194
559;7;18719;13311440896;37434868;14903389;2.5118359320822936
559;8;18395;20501268608;31475654;13012123;2.4189483914346646
559;9;17962;19656928896;26291030;11427501;2.3006806124978683
559;10;18146;12479334336;34698550;14116196;2.458066606612716
565;0;0;12479334336;0;0;0.0
565;1;18478;14276450904;28742893;12037152;2.387848304981112
565;2;18557;15923786544;28934824;12308702;2.3507615993952897
565;3;18339;19800123488;26099882;11486529;2.272216611301813
565;4;18058;16366967856;31761168;13029232;2.437685352444411
565;5;18025;13847833648;28967157;12345625;2.3463499822811724
565;6;18234;13912456048;28789886;12007973;2.397564185062708
565;7;18060;19027129392;26225048;11421710;2.296070203148215
565;8;18186;16787680424;26231971;11444340;2.2921348893863693
565;9;18038;12556197376;28963190;12329038;2.3491849080195877
565;10;17806;19014536112;28558124;11773923;2.425540238372546
571;0;0;19014534064;0;0;0.0
571;1;18258;14889099072;28943250;12190366;2.374272437759457
571;2;18008;16045249456;28601436;12030676;2.3773756354173283
571;3;18307;15383540832;28910993;12346665;2.3416034208427945
571;4;18346;13774501888;31746577;13174721;2.409658390488876
571;5;18424;13804347744;28981979;12267736;2.36245538704126
571;6;18278;13432975328;29039602;12382861;2.3451447932751566
571;7;17836;14990385328;31669590;13097476;2.417991832930253
571;8;17969;12630450640;34761380;14028074;2.477986643070175
571;9;18311;17553256848;28811747;12238661;2.3541584328547054
571;10;18250;14572386832;34417168;13974374;2.4628772637686667
