ThreadPoolSize;RunNr;Runtime;Memory;L2-Cache-Misses;L2-Cache-References;L2-Cache-Miss-Rate
1;0;0;913652736;0;0;0.0
1;1;342404;910815504;1164978;1645135;0.7081351986311154
1;2;348457;907994920;1175737;1676879;0.7011459980117826
1;3;342516;905053832;1162048;1626888;0.7142765820388374
1;4;346194;902185744;1175149;1661492;0.7072853796467271
1;5;346901;899365232;1177882;1661201;0.7090544732395417
1;6;344954;896544664;1167290;1648606;0.7080466770107594
1;7;346070;893676536;1169975;1647624;0.7100982991264997
1;8;347580;890735480;1186670;1670010;0.7105765833737523
1;9;343963;887867376;1171993;1659279;0.7063266635689357
1;10;347195;885046824;1172140;1658400;0.7067896767969127
2;0;0;885046824;0;0;0.0
2;1;129148;882023128;333028061;333240891;0.9993613328803637
2;2;133344;878894928;342912625;343134564;0.9993532012706245
2;3;129654;875731672;323253147;323458389;0.9993654763426154
2;4;126764;872603472;343320284;343520832;0.9994161984330545
2;5;127812;869440232;330306157;330507782;0.9993899538498613
2;6;129936;866191472;353128548;353327641;0.9994365201674102
2;7;127716;863148800;318170368;318383036;0.9993320372760062
2;8;127940;860020560;350673171;350875937;0.9994221148314312
2;9;129649;856857304;318973388;319189015;0.9993244535686794
2;10;127870;853729104;332192221;332409610;0.9993460207122171
3;0;0;853729104;0;0;0.0
3;1;74838;850686408;115099222;115209700;0.9990410703265437
3;2;75743;847317104;114509020;114638461;0.9988708763283206
3;3;77466;844395024;115969738;116121475;0.9986932907974171
3;4;76674;841146192;111120867;111131898;0.9999007395698398
3;5;76812;838103512;109540422;109686681;0.9986665746591421
3;6;74124;834854752;106444942;106558850;0.998931032007196
3;7;75721;831812080;105159744;105307650;0.998595486652679
3;8;76906;828442720;120533043;120530923;1.0000175888473035
3;9;76969;825520656;112480842;112565630;0.9992467683075198
3;10;77656;822271824;106602522;106668909;0.9993776349582801
4;0;0;822271824;0;0;0.0
4;1;52446;818198096;65614665;65687392;0.9988928316715634
4;2;52542;814003776;62887660;62857513;1.000479608539396
4;3;53301;810393296;65705735;65794594;0.9986494483118172
4;4;54069;806424112;69009589;69105348;0.9986143040622558
4;5;53233;802350368;63346135;63411065;0.998976046215278
4;6;53652;798156064;58687045;58760914;0.9987428888529541
4;7;54644;794545584;66100891;66206586;0.9984035576158541
4;8;53003;790351280;67192408;67306149;0.9983100949662118
4;9;53423;786156976;68953137;68983205;0.9995641257897484
4;10;52715;782546496;69625532;69551275;1.0010676583570899
5;0;0;782546496;0;0;0.0
5;1;41696;777888928;47865694;47832547;1.0006929800330306
5;2;41586;772990184;43668548;43734779;0.9984856217062398
5;3;41905;768572864;41806538;41896311;0.997857257647338
5;4;41710;763792688;41070302;41142012;0.9982570128072492
5;5;41792;759477824;48421524;48459243;0.9992216345599951
5;6;41904;754820256;39738074;39759809;0.9994533424443764
5;7;41596;750042128;43373288;43403474;0.9993045257160752
5;8;41699;745381584;41422074;41383287;1.0009372624267376
5;9;41561;740724016;45599843;45610987;0.9997556729039869
5;10;41788;735945888;37144324;37273626;0.9965310055962895
6;0;0;735945888;0;0;0.0
6;1;34525;732214848;29559184;29570918;0.9996031912164512
6;2;34786;728726976;30262216;30168380;1.0031104089778768
6;3;34476;725098496;27273857;27355411;0.997018725107073
6;4;34427;721487984;29498465;29548082;0.9983208047141605
6;5;34866;718343792;28726914;28750626;0.9991752527405838
6;6;34727;714733264;31693746;31642548;1.0016180112928958
6;7;34817;711122768;29259257;29257798;1.0000498670474107
6;8;34565;707858032;28443406;28455151;0.999587245205622
6;9;34375;704126960;27603173;27652485;0.9982167244643655
6;10;34590;700516448;31063656;31030175;1.001078981990917
7;0;0;700516448;0;0;0.0
7;1;29343;696442736;21875459;21874324;1.0000518873177522
7;2;29358;692368976;20452030;20352033;1.0049133666400796
7;3;29561;688637936;22212280;22089675;1.005550330640899
7;4;29539;684789336;21201674;21194378;1.0003442422325393
7;5;29484;680595024;24720019;24769097;0.9980185793612096
7;6;29414;2106486160;22783160;22773521;1.000423254708835
7;7;29511;2100412024;23285205;23328214;0.9981563526466278
7;8;29632;2094120568;21235529;21217753;1.0008377889967897
7;9;29693;2087829112;21740956;21719277;1.000998145564422
7;10;29623;2081537656;21807747;21805984;1.0000808493668527
8;0;0;2081537656;0;0;0.0
8;1;25847;2074043016;14829870;14879760;0.996647123340699
8;2;26081;2067751544;18336693;18213426;1.006767919445798
8;3;26181;2060566136;17696538;17476900;1.012567331735033
8;4;25850;2053071496;18046063;17997960;1.0026726917939588
8;5;25983;2046780024;15639408;15503330;1.0087773400940314
8;6;25805;2039940856;18527092;18456950;1.0038003028669418
8;7;25698;2033303160;18627188;18580777;1.0024977965130306
8;8;25887;2026154728;18747258;18681295;1.0035309650642528
8;9;25940;2020413048;16907035;16710301;1.011773217011471
8;10;25884;2014121592;17720238;17734212;0.9992120315241523
9;0;0;2014121592;0;0;0.0
9;1;23237;2006040200;13904769;13711708;1.0140800110387416
9;2;23153;1998545544;14324277;14180069;1.0101697671569863
9;3;23267;1990156936;13991091;13872944;1.0085163610550147
9;4;23091;1982664312;13533290;13399931;1.0099522154255869
9;5;23443;1974582920;14719490;14651875;1.004614767734505
9;6;23207;1967088264;14363724;14345861;1.0012451675085936
9;7;23231;1959595640;13657829;13464049;1.0143924015725136
9;8;23248;1952408184;12747140;12614392;1.0105235353396342
9;9;23125;1944019592;13511782;13419279;1.0068932913608846
9;10;23431;1936526968;13553164;13619399;0.9951367163852091
10;0;0;1936526968;0;0;0.0
10;1;21156;1930235512;12151425;12033121;1.009831530822303
10;2;21172;1923048056;13020790;12803758;1.0169506483955726
10;3;20916;1916756600;9269798;9202163;1.0073499024088142
10;4;21099;1909917416;11959607;11935161;1.0020482337858703
10;5;21000;1903279752;13272871;13158692;1.0086770782384753
10;6;21199;1896988296;10048731;10014335;1.0034346763913928
10;7;21124;1890389624;13666007;13590681;1.0055424742880803
10;8;21141;1883548392;12833384;12713992;1.009390598955859
10;9;20762;1876910712;10674469;10753763;0.9926263950581764
10;10;21182;1870619256;12405450;12165614;1.0197142536332322
11;0;0;1870619256;0;0;0.0
11;1;19560;1863126648;8979366;8708891;1.0310573412849007
11;2;19660;1855939192;8074280;7593070;1.063374893159157
11;3;19384;1848753800;8433456;8241307;1.0233153551979073
11;4;19419;1841259128;11520047;11284754;1.0208505209772407
11;5;19359;1833766520;11905183;11683052;1.0190130969202225
11;6;19364;1826579064;8442373;8132479;1.0381057239742026
11;7;19637;1819086456;8721870;8687804;1.0039211289757457
11;8;19476;1811351272;9530135;9641311;0.9884687881139816
11;9;19674;1804406392;9046091;8902928;1.0160804400529804
11;10;19416;1797218936;10277331;10290231;0.9987463838275351
12;0;0;1797218936;0;0;0.0
12;1;18719;1789726328;6420305;6392021;1.0044248915953187
12;2;18816;1781337720;8070709;7858698;1.0269778785238979
12;3;18297;1773256328;7891283;7622121;1.0353132677898973
12;4;18516;1765761656;7089653;6709670;1.056632144352852
12;5;18372;1757719272;7412077;6884088;1.0766970149132318
12;6;18162;1749880440;8019772;7768252;1.0323779403654774
12;7;18014;1741799048;7191238;7065332;1.0178202524665507
12;8;18386;1733756664;6389816;5494496;1.1629485215750452
12;9;18230;1725915768;6804109;6495525;1.0475071683967039
12;10;18874;1718423160;7836333;7350101;1.0661531045627808
13;0;0;1718423160;0;0;0.0
13;1;18794;1710034552;5884510;5035578;1.1685868037393126
13;2;18809;1700749944;4168689;2995392;1.3917006522017819
13;3;18584;1692361336;4124214;3225128;1.2787752920194175
13;4;18856;1683972728;6689955;6266344;1.0676009807313482
13;5;18657;1675584120;5165431;4217683;1.2247082106455132
13;6;18463;1666301576;3534628;3708364;0.953150230128434
13;7;18540;1657912968;3492027;2476257;1.4102037874097881
13;8;18995;1649524360;7268066;6636399;1.0951821914264046
13;9;18512;1641135752;6348970;5564661;1.1409446145955702
13;10;19177;1632439928;3821780;2674548;1.428944255253598
14;0;0;1632439928;0;0;0.0
14;1;19049;1623155320;4479518;3480497;1.2870340069248731
14;2;19173;1613872776;5817456;4919487;1.1825330568004346
14;3;19418;1604280952;6232837;5461972;1.1411330925900023
14;4;18958;1594998408;4869101;3889292;1.2519247719122144
14;5;19142;1585406584;3744719;3053356;1.2264272492300277
14;6;18811;1576124040;3521648;2635843;1.3360613663256877
14;7;18832;1567428216;3581009;2272042;1.5761191914586086
14;8;19156;1558143608;3886038;2313401;1.6797943806542834
14;9;19048;1548861064;4969038;4107529;1.2097389939304142
14;10;19093;1539269240;4220130;3459882;1.2197323492535295
15;0;0;1539269240;0;0;0.0
15;1;19309;1529679480;4056341;3292048;1.2321633827939324
15;2;19270;1519500936;4144529;3051135;1.3583564804572725
15;3;19464;1509015176;3887174;3276968;1.1862105458460381
15;4;19450;1499423352;3875905;3268694;1.1857656299427233
15;5;19702;1489283832;5695323;4932718;1.1546013779826862
15;6;19335;1479347832;4903721;3755592;1.3057118558139436
15;7;19383;1469169288;4408756;3752338;1.1749357334014154
15;8;19398;1459577464;3739730;2532269;1.4768296733087993
15;9;19330;1449987704;3607126;3304603;1.091545943642852
15;10;19164;1439501944;3665730;2801012;1.308716278259429
16;0;0;1439501944;0;0;0.0
16;1;19680;1429016184;4436874;3672578;1.2081088543252179
16;2;19788;1418530424;4454742;3254264;1.3688938574129204
16;3;19453;1407148664;3612115;3176386;1.1371775974330576
16;4;19460;1396662904;4130443;2938349;1.4057019775390873
16;5;19513;1386177144;3983929;3199306;1.2452478756330279
16;6;19328;1375691384;3644536;2475555;1.4722096661152753
16;7;19363;1365205624;3456673;2412496;1.4328201994946312
16;8;19164;1353825928;3581477;3474909;1.0306678534603353
16;9;19213;1343340168;3985968;3764276;1.0588936624200775
16;10;19331;1332854408;3630814;2943426;1.2335333043874723
17;0;0;1332854408;0;0;0.0
17;1;19450;1322061432;4165994;3413755;1.2203552979050927
17;2;19538;1310679672;3806209;2639257;1.442151711637025
17;3;19862;1298992760;4381284;3652560;1.1995104803206518
17;4;19483;1287611000;3752972;3682046;1.0192626599450414
17;5;19190;1276231304;3755782;3423950;1.0969149666321063
17;6;19856;1265438328;4036357;3643703;1.1077623505538186
17;7;19802;1253508840;3875346;3622103;1.0699160128798104
17;8;19763;1242369656;3991411;3381501;1.1803666478288783
17;9;19248;1230987896;3435839;3003494;1.1439473493204915
17;10;19416;1219608200;3585711;2734900;1.311094007093495
18;0;0;1219608200;0;0;0.0
18;1;19596;1207919224;3661681;4552296;0.8043591629366807
18;2;19636;1195682536;3981647;3807164;1.0458301770031446
18;3;19625;1184238120;3766479;4002537;0.9410229062217289
18;4;19946;1172267640;4107980;3934061;1.0442085163397314
18;5;20035;1160580728;4359715;4334005;1.005932157438674
18;6;19766;1148305032;3689931;4134250;0.8925273024127713
18;7;19946;1136068328;4007220;3834761;1.0449725550040798
18;8;19748;1124033144;4137514;4565469;0.9062626424579818
18;9;19800;1112346232;4005640;3895581;1.028252268403609
18;10;19875;1100070536;4119012;3935449;1.0466434706687853
19;0;0;1100070536;0;0;0.0
19;1;19609;1087487624;4306128;5678656;0.7583005556244294
19;2;19644;1074597496;4213245;4645760;0.906901131354181
19;3;19607;1062014584;4135755;5774496;0.7162105575967149
19;4;19597;1048881896;3877134;4877814;0.7948507261654504
19;5;19888;1035952760;4048213;4149255;0.9756481585248437
19;6;19822;1023369848;4062324;4317873;0.9408159989883909
19;7;19659;1010786936;4024315;4461300;0.9020498509403089
19;8;19451;998204024;3842529;4591809;0.8368224810744523
19;9;19563;985073384;4164939;5035913;0.8270474489928639
19;10;19717;972144264;4390769;4915693;0.8932146494909263
20;0;0;972144264;0;0;0.0
20;1;19931;959254136;4450092;5139062;0.8659346783518082
20;2;19967;945775224;4582813;5114816;0.8959878517624095
20;3;19931;932298376;4399889;4529683;0.9713458977151381
20;4;19890;918512248;4074312;4218114;0.9659084605110246
20;5;19931;905035400;3843610;4405476;0.8724619087699036
20;6;20016;891595512;4262478;4517614;0.9435241700596819
20;7;19877;877772424;3923587;4300589;0.9123371240544028
20;8;19720;864882296;4001304;4914427;0.814195429090716
20;9;20050;851403384;4357253;5022784;0.8674975869955786
20;10;19754;837926536;3766595;4559228;0.8261475407678669
21;0;0;837926536;0;0;0.0
21;1;20056;823246472;4429261;5353652;0.8273344998890477
21;2;19656;809460344;3991669;5271696;0.7571887680928491
21;3;19855;795126504;4390318;6038540;0.72704958483342
21;4;19784;780996216;4276899;4907446;0.87151218780604
21;5;19849;766623368;4873671;6019934;0.8095887762224636
21;6;19711;752837240;4047054;6120333;0.6612473536979115
21;7;19773;739053176;4037967;5598674;0.7212363141701053
21;8;19640;724373112;4019957;5277366;0.7617354945630074
21;9;19765;710000264;4044125;4970128;0.8136862873551748
21;10;20000;696214136;4097037;4778396;0.85740842743046
22;0;0;696214136;0;0;0.0
22;1;19616;681534072;3873875;4175800;0.9276964892954643
22;2;19818;2090096976;3811842;4522877;0.8427914356282517
22;3;20027;2068078928;4357912;5415722;0.8046779358320091
22;4;19762;2046056784;4474638;4483006;0.9981333953155539
22;5;19981;2024038736;4562169;4862333;0.9382674942255086
22;6;19836;2001504128;4738002;5772738;0.820754726786492
22;7;19973;1979998544;4407514;5213254;0.845443939620053
22;8;19895;1957976400;4236698;5691144;0.7444369708445262
22;9;20063;1935958352;4255628;5080075;0.8377096794830785
22;10;19918;1913423760;4264593;4816606;0.8853937814303267
23;0;0;1913423760;0;0;0.0
23;1;19818;1890867536;4676159;5860513;0.7979095004140423
23;2;19909;1867798864;4212226;5200744;0.8099275795924583
23;3;19898;1844730192;4292717;4475491;0.9591611289130064
23;4;19817;1821149056;3855453;4191195;0.9198934909971977
23;5;19714;1798592848;4175423;3808279;1.0964068021276803
23;6;19881;1775524176;4137284;3522262;1.1746099523544813
23;7;19919;1752455504;4111768;4218180;0.9747730063676752
23;8;19836;1729386832;4389799;3580241;1.2261182976229812
23;9;19850;1706318160;4373771;4669384;0.9366912209404924
23;10;19881;1683249488;4174536;3243646;1.2869887774436544
24;0;0;1683249488;0;0;0.0
24;1;19989;1659134288;4333829;6358039;0.6816298232835627
24;2;19863;1635014992;4168501;3015119;1.3825328287208565
24;3;19925;1610899792;4048325;4089775;0.9898649681217182
24;4;19843;1586780496;4179418;557847;7.492050687733375
24;5;19916;1562665296;4303226;4290126;1.00305352336971
24;6;19863;1538546000;4142951;5248082;0.7894219259531386
24;7;19896;1513916288;3967401;3990368;0.9942443904923055
24;8;20152;1490311504;4449272;7852832;0.5665818395198063
24;9;19888;1466196304;4175535;4680456;0.8921214086832565
24;10;19904;1442077008;3950618;5570242;0.7092363312042816
25;0;0;1442077008;0;0;0.0
25;1;19875;1416398720;4113577;4404035;0.9340472998057463
25;2;19894;1391745360;3880413;5779718;0.6713844862327193
25;3;19884;1366579536;4321241;5399916;0.8002422630277952
25;4;19939;1341413712;4141546;1779352;2.3275585718845964
25;5;20078;1316247888;4186500;5523855;0.7578946225054786
25;6;19958;1291082064;4259508;5733273;0.7429452600634925
25;7;19877;1265916240;4260688;5899490;0.7222129370504908
25;8;19938;1240750416;4461422;5630211;0.7924076024859459
25;9;19762;1215584592;4126333;4142308;0.996143454325463
25;10;19788;1190418768;4237031;6961285;0.608656447767905
26;0;0;1190418768;0;0;0.0
26;1;19939;1164206416;4166549;5917712;0.7040810705218503
26;2;19909;1137989968;4362325;5174235;0.843085982758804
26;3;19952;1111777616;4098598;5194011;0.7891007546961298
26;4;19844;1085561168;4202349;3662138;1.1475124640305745
26;5;19980;1059348816;4269445;6063290;0.7041465936809884
26;6;19859;1033132368;4185753;3085916;1.356405359057084
26;7;19831;1006920016;4160157;6744807;0.6167940757978694
26;8;19835;980703568;4076837;5858292;0.6959088075500505
26;9;19784;954491216;4192837;5784869;0.7247937680179102
26;10;19917;928274768;4451457;6173170;0.7210974264437882
27;0;0;928274768;0;0;0.0
27;1;19972;901011792;3992189;6713347;0.5946644795807516
27;2;19852;873691472;4450498;6330059;0.703073699629024
27;3;19923;844925128;4577454;5770989;0.7931836293571172
27;4;19806;818176664;3862436;4900687;0.7881417442085161
27;5;19894;790913688;4073432;6340607;0.6424356532426627
27;6;20004;763650712;4267352;6269600;0.6806418272298074
27;7;19904;735873240;4224662;6044137;0.6989686037890934
27;8;19928;709124760;4005642;5656451;0.7081546361844202
27;9;19908;681861784;4472125;6482337;0.6898939379424427
27;10;19933;2084392760;4198835;4971048;0.8446579071455355
28;0;0;2084392760;0;0;0.0
28;1;19933;2056605536;3959266;6360440;0.6224830357648213
28;2;19884;2028296032;3939367;5713577;0.6894747371042693
28;3;19998;1999982432;4282947;4267124;1.0037081181610845
28;4;20003;1971672928;4245026;4510970;0.9410450523944961
28;5;19905;1943359328;3924459;4783250;0.8204586839491977
28;6;19923;1914663800;3917639;7009933;0.558869678212331
28;7;19947;1886736224;3980882;4031554;0.9874311493781306
28;8;19896;1858426720;3940533;4138872;0.9520789722417122
28;9;20038;1829729144;4002890;4947800;0.8090242127814382
28;10;19955;1801803616;3925450;6191531;0.6340031245906708
29;0;0;1801803616;0;0;0.0
29;1;19919;1772443488;4329915;7434496;0.5824086797544851
29;2;19980;1742697336;4140950;5456860;0.758852160399937
29;3;19955;1713723232;3893322;5961101;0.6531212942038728
29;4;20016;1684363104;4139333;6473222;0.6394548186359127
29;5;19858;1655002976;3873752;5324467;0.727537986431318
29;6;19866;1625642848;3659444;4889239;0.748469035774279
29;7;19990;1596282720;3879872;5591167;0.6939288345349012
29;8;20036;1566922592;3879193;4727464;0.820565317895599
29;9;20207;1537562464;4029828;4417331;0.9122766666115806
29;10;20048;1508202336;4000315;6209736;0.6442004941917016
30;0;0;1508202336;0;0;0.0
30;1;20035;1477791584;4136947;4790983;0.8634860528622206
30;2;19977;1447384928;4004066;4941372;0.8103146251688802
30;3;19876;1416974176;3746864;5361245;0.698879458036333
30;4;19859;1386567520;3960403;5318208;0.7446874962393347
30;5;19905;1356156768;3926254;5346576;0.734349235847391
30;6;20111;1325750112;4162045;4614264;0.901995421154923
30;7;19893;1295339360;4112066;3293476;1.2485489494989488
30;8;19965;1264932704;4089592;5434948;0.7524620290755312
30;9;20048;1234521952;4284488;6391958;0.6702935156958165
30;10;19901;1204115296;4047875;5377779;0.7527038578565612
31;0;0;1204115296;0;0;0.0
31;1;19952;1172658016;3969824;4611851;0.860787566640813
31;2;20053;1141200736;4913631;7509354;0.6543347137450172
31;3;20054;1109743456;4304363;6335910;0.679359870957763
31;4;19856;1078286176;4131014;4035879;1.023572312252176
31;5;19892;1046828896;4339181;5244936;0.8273086649675039
31;6;20065;1015371616;4345382;4634926;0.9375299627221665
31;7;20075;983914336;4281231;5678298;0.7539637757652029
31;8;19967;952457056;4198190;3611900;1.1623217697056951
31;9;19933;920999776;4187984;6950785;0.6025195715304099
31;10;19872;889542496;3957982;5024842;0.7876828763969096
32;0;0;889542496;0;0;0.0
32;1;19940;857034592;3983024;5295331;0.752176587261495
32;2;19897;824530784;3972979;6080945;0.6533489449419457
32;3;19966;792022880;3986481;3933136;1.0135629685828307
32;4;20015;759519072;3749342;5064176;0.740365658697486
32;5;20010;727011168;4027286;4382712;0.9189027250706868
32;6;19957;694121336;3970455;3926861;1.0111014879314546
32;7;19971;2088197256;4530830;6473465;0.6999080090801448
32;8;20018;2056215728;4154681;5996307;0.692873296847543
32;9;20021;2023417624;4158441;3365145;1.235739024618553
32;10;19925;1991204016;3797940;3674133;1.0336969293163856
33;0;0;1991204016;0;0;0.0
33;1;20219;1957649584;4364215;5179016;0.8426726235253955
33;2;20127;1924095152;4430487;5937910;0.7461357615726746
33;3;20158;1890540720;3944892;2893235;1.3634882752351607
33;4;20005;1856986288;3947955;4397427;0.8977875016458489
33;5;19894;1823431856;3502863;3757332;0.9322740178403186
33;6;20028;1789585192;3927680;2707754;1.450530587342868
33;7;20072;1756322992;4080603;4849099;0.8415177747453703
33;8;20059;1722768560;3776309;4537604;0.8322253330171606
33;9;20012;1689214128;4215831;5871492;0.7180169878456788
33;10;19889;1655659696;3664719;4382887;0.8361427068505303
34;0;0;1655659696;0;0;0.0
34;1;20084;1621058736;3883874;4785706;0.811557166278079
34;2;20038;1586453680;3693226;4256776;0.8676110746724751
34;3;19923;1551558424;3969578;6379830;0.6222074882873054
34;4;20228;1517247664;4215269;4288738;0.9828693195993786
34;5;19974;1482646704;3526193;3615481;0.9753039775343861
34;6;20260;1448041648;4065057;5143227;0.790370909158783
34;7;20030;1413440688;4027768;3830153;1.051594544656571
34;8;20076;1378835632;3810078;3438929;1.1079257524653752
34;9;20120;1344234672;3983399;5980315;0.6660851476887087
34;10;20158;1309337368;3880796;3179706;1.2204889382854893
35;0;0;1309337368;0;0;0.0
35;1;20070;1273978032;3638703;4067549;0.8945689406568919
35;2;19946;1238326448;3466117;5313004;0.65238366091951
35;3;20086;1202674864;4017819;4265549;0.941923067816124
35;4;20109;1167023280;3899131;5409441;0.7208010957139563
35;5;20001;1131371696;3584580;3851520;0.930692298105683
35;6;20016;1095720112;3750343;3036296;1.2351704181673988
35;7;20058;1059776280;3717980;2013494;1.84653145229139
35;8;20029;1024416944;3734929;3279078;1.139018041046904
35;9;19973;988473112;3542124;3899898;0.9082606775869523
35;10;19965;953113776;3794689;3107213;1.2212516489857632
36;0;0;953113776;0;0;0.0
36;1;20027;916415664;3906396;4450963;0.8776518699436504
36;2;20106;879713456;4111336;4604432;0.8929083978219247
36;3;20196;843015344;3887004;3615000;1.0752431535269709
36;4;20013;806313136;4299711;2755053;1.5606636242569563
36;5;19919;769615024;4003158;4943237;0.8098252218131561
36;6;20160;732620584;4141811;4134840;1.0016859177138655
36;7;20104;696214704;3954037;4312736;0.9168279718489608
36;8;19994;2085062632;3729412;4002777;0.9317061629963398
36;9;19997;2048590136;3718125;3969804;0.936601655900392
36;10;20025;2011887928;3699327;5648440;0.6549289715390444
37;0;0;2011887928;0;0;0.0
37;1;20101;1974139192;4178315;4261167;0.9805565001324754
37;2;20124;1936390456;3837243;4903865;0.7824936045343825
37;3;20193;1898416104;3688751;3100723;1.1896422221527043
37;4;20014;1860892984;3885912;3862313;1.0061100692771403
37;5;20194;1822918632;4175249;6888059;0.6061575546899352
37;6;20048;1785397560;3989030;5177217;0.7704969677724538
37;7;20148;1747646776;3974474;5732093;0.6933722115115718
37;8;19956;1709898040;3541477;4262324;0.8308793512647091
37;9;19984;1672149304;3990889;5584758;0.7146037482734257
37;10;20132;1634177016;4087314;2891795;1.4134176177771938
38;0;0;1634177016;0;0;0.0
38;1;20180;1595605304;4106290;2248883;1.825924247726538
38;2;20026;1556805944;3811609;4484784;0.8498980106957214
38;3;20227;1518010680;3746150;3544171;1.0569890674010933
38;4;19969;1479211320;3781598;5902129;0.640717612237889
38;5;20091;1440416056;3490044;2565264;1.3605009075089347
38;6;20002;1401616696;3928471;2246647;1.7485929031129501
38;7;19794;1362593768;3545797;3330174;1.0647482684087979
38;8;19946;1324022072;3977511;3608790;1.102173027524461
38;9;20090;1284999144;3931207;3488987;1.1267473911482044
38;10;20006;1246427448;3753077;3197784;1.1736493146503955
39;0;0;1246427448;0;0;0.0
39;1;20150;1206581560;3974605;4327207;0.9185151068576105
39;2;19974;1166735672;3791496;2894623;1.309841039748527
39;3;20156;1126889784;3567919;4225105;0.8444568833200595
39;4;20143;1086818280;4027138;5134597;0.7843143288557992
39;5;20115;1052879160;4233565;5379183;0.7870275095679028
39;6;20051;1012597048;3969060;6093477;0.6513621040991867
39;7;20032;972751160;3524161;4414788;0.7982627931397839
39;8;20006;932905272;3545349;3705813;0.9566993801360187
39;9;20162;893059384;4079628;5268858;0.7742907476344969
39;10;20096;853213496;3675140;4110597;0.8940647793982237
40;0;0;853213496;0;0;0.0
40;1;20175;812091368;3948426;4495844;0.8782391026023145
40;2;20124;771424568;3856107;4432344;0.8699927171717718
40;3;19996;730528056;3833299;3015063;1.271382720692735
40;4;20170;689635640;4043174;3812138;1.0606053610860886
40;5;20070;2075719048;4029449;2535372;1.589293011045322
40;6;20000;2034822536;3568233;4076569;0.8753029815023369
40;7;20197;1993930120;3952522;4462436;0.8857319186202335
40;8;20068;1953033608;3886101;4444244;0.8744121609884605
40;9;20193;1911957608;4297240;5490200;0.7827110123492769
40;10;20108;1871244680;4040700;3617694;1.1169269706061375
41;0;0;1871244680;0;0;0.0
41;1;20154;1829301640;3830090;4021332;0.9524431208365786
41;2;20032;1787358600;3609200;2739082;1.317667744156619
41;3;20287;1745415560;4276907;4877094;0.8769375779921404
41;4;20164;1703472520;3808919;5626551;0.6769544966356832
41;5;20211;1661529480;4060092;5833791;0.6959611683037668
41;6;20245;1619404920;4114049;4982018;0.825779633875269
41;7;20651;1577643400;3817796;4550098;0.8390579719381869
41;8;20066;1535700360;3848928;4825283;0.7976585000299464
41;9;20032;1493757320;4107076;3606318;1.1388557525986338
41;10;20081;1451632744;4024113;4375225;0.9197499557165632
42;0;0;1451632744;0;0;0.0
42;1;20241;1408824712;3383732;2949413;1.1472560811252952
42;2;20088;1365831048;3948346;4590556;0.8601019135808385
42;3;20194;1322657896;3946548;3357734;1.1753605258784645
42;4;20116;1279847816;3828264;4674710;0.8189307999854536
42;5;20240;1236858248;3903356;3562965;1.0955358809306295
42;6;20109;1193864584;3589783;4141406;0.8668029649833897
42;7;20159;1150691376;4072833;3604603;1.1298978001183486
42;8;20062;1107881352;3777667;3322282;1.1370699416846612
42;9;20109;1064891784;3767421;4676325;0.8056371188914372
42;10;20122;1021898120;4378262;5445720;0.8039822098822561
43;0;0;1021898120;0;0;0.0
43;1;20110;977676408;3820208;4410653;0.8661320670658064
43;2;20136;933817736;3587400;5112778;0.7016537780439518
43;3;20205;889777544;3968225;2943972;1.3479153334338778
43;4;20240;845737352;3522700;4636120;0.7598379679559631
43;5;20162;801515624;4007177;5555322;0.7213221843846316
43;6;20098;757656968;3534564;3978542;0.8884068585929217
43;7;20104;713616776;3571069;3975827;0.8981952685567053
43;8;19966;2086047904;3350596;2973220;1.1269250173212881
43;9;20135;2042532072;4041997;5839965;0.6921269219935393
43;10;20243;1998491864;3969075;4681604;0.8478023771339909
44;0;0;1998491864;0;0;0.0
44;1;20145;1953403096;3860424;3433854;1.1242248505614973
44;2;20296;1908462024;3817544;3749438;1.0181643222264243
44;3;20232;1863373256;4494856;6225910;0.7219596813959727
44;4;20148;1818284488;4133696;4541973;0.9101102098141051
44;5;20373;1773197768;4200889;4959329;0.8470680206939285
44;6;20251;1728106952;3578499;1910850;1.8727262736478532
44;7;20283;1683020232;4310349;5252634;0.8206071468143411
44;8;20283;1637929416;4172392;4645462;0.8981651340598632
44;9;20231;1592842696;3582796;4757161;0.7531374279743738
44;10;20188;1547604184;3378025;3138425;1.076344026064029
45;0;0;1547604184;0;0;0.0
45;1;20016;1501466840;3380517;3668701;0.9214479457442839
45;2;20103;1455329496;3835966;5127892;0.7480590464853784
45;3;20251;1409339848;3927657;3572496;1.0994153667351902
45;4;20111;1363202504;4062315;5363184;0.7574446448229261
45;5;20134;1317065160;3509797;3453875;1.0161910897180704
45;6;20297;1270927816;3782578;3448438;1.0968960439480135
45;7;20118;1224790472;3978521;6078842;0.6544866604527638
45;8;20181;1178653128;3316314;3101991;1.069092076669468
45;9;20231;1132515784;4124102;5194146;0.7939903884103373
45;10;20233;1086230744;3492543;3252498;1.0738032736684235
46;0;0;1086230744;0;0;0.0
46;1;20261;1039044840;3867393;2958654;1.307146087376219
46;2;20193;991858904;3569525;3351551;1.0650367546249482
46;3;20252;944673000;3591072;3498083;1.026582845518531
46;4;20176;897634760;3952624;5383691;0.7341847814074025
46;5;20162;850450888;3365989;3720584;0.9046937255011579
46;6;20270;803262920;4102800;5475756;0.7492664026665907
46;7;20319;756079048;3634312;4953737;0.7336505753131424
46;8;20362;708891080;3793018;3652579;1.0384492710493052
46;9;20353;2083914632;3576981;3449766;1.0368764142263562
46;10;20150;2052296544;3803081;5553574;0.6847988340481282
47;0;0;2052296544;0;0;0.0
47;1;20261;2020477872;4187598;5257562;0.7964904645917632
47;2;20091;1988151680;3567704;3319883;1.07464751016828
47;3;20221;1955827552;3368189;2724179;1.23640517014484
47;4;20182;1924008880;3599859;3746949;0.9607440613683292
47;5;20337;1891682688;3254952;3283451;0.9913204125781077
47;6;20340;1859358560;3768341;3650127;1.0323862703955233
47;7;20301;1827539888;3812827;5014426;0.7603715759291293
47;8;20312;1795213696;3642977;3748702;0.9717969046352577
47;9;20077;1762763408;3683530;4633618;0.7949576335381985
47;10;20342;1730942704;4142476;4070058;1.0177928668338387
48;0;0;1730942704;0;0;0.0
48;1;20181;1697751712;3626608;3396119;1.0678683520807133
48;2;20185;1665064112;3391944;3187091;1.0642758553175922
48;3;20808;1632376544;3685566;4873993;0.7561697359844383
48;4;20235;1599311712;3389516;3270378;1.036429428035536
48;5;20196;1566624128;3824924;3425196;1.1167022266754953
48;6;20215;1533938608;3625811;4268167;0.8495007341559034
48;7;20146;1500745568;3616176;2948392;1.2264909143695955
48;8;20370;1468057984;3569719;4729848;0.7547217162158276
48;9;20102;1435372464;3401088;4227045;0.8046017962903163
48;10;20353;1402179424;3626222;4158109;0.8720844018278501
49;0;0;1402179424;0;0;0.0
49;1;20289;1368624992;4011627;4133148;0.9705984397364914
49;2;20160;1335070560;3884183;5990507;0.6483896938940227
49;3;20305;1301389968;3612482;4234401;0.853127042053882
49;4;20064;1267835536;2963513;3466977;0.8547829997141602
49;5;20155;1234281104;3421899;2949058;1.1603362836539668
49;6;20184;1200726688;3656981;3865221;0.9461246847204856
49;7;20211;1167172240;3835893;3209622;1.1951229770982377
49;8;20214;1133743968;3401869;3412341;0.9969311390625966
49;9;20183;1100189536;3889723;3098548;1.2553373386502322
49;10;20447;1066635104;3196423;3595856;0.888918521765054
50;0;0;1066635104;0;0;0.0
50;1;20334;1032719280;3674161;4250851;0.864335400135173
50;2;20323;998295936;3360638;3901575;0.8613541967026137
50;3;20392;963874656;3661149;3722702;0.9834655043567817
50;4;20548;929958832;3647770;3959784;0.9212042879106537
50;5;20269;895535488;3880676;3646563;1.064201002423378
50;6;20290;861114208;3617536;3293778;1.0982938133656852
50;7;20293;827198384;3190395;3432189;0.9295510824141677
50;8;20245;792648880;3447441;3753288;0.9185122484605498
50;9;20271;758227600;3853146;2623097;1.4689300471923075
50;10;20456;724309744;3692604;3792361;0.973695278482191
51;0;0;724309744;0;0;0.0
51;1;20439;689021584;3889157;5433654;0.7157535242398577
51;2;20406;2079215296;3416017;4313404;0.791953872162218
51;3;20540;2043563712;3757338;3937091;0.9543437019870763
51;4;20237;2007912128;3675002;3987566;0.921615341288395
51;5;20466;1972260544;3868966;2973020;1.301358887595778
51;6;20265;1936608960;3411582;2786678;1.2242469348808869
51;7;20497;1900833400;3350477;3447638;0.9718180969115667
51;8;20196;1865181816;3193867;3342987;0.9553931857946202
51;9;20333;1829530232;3640707;2525598;1.4415227601542289
51;10;20271;1793014144;3544566;4301197;0.8240882712417031
52;0;0;1793014144;0;0;0.0
52;1;20404;1756376144;3678057;4142364;0.8879125542805992
52;2;20270;1720602304;3962510;2817744;1.4062704063960387
52;3;20396;1683962240;4262084;4294658;0.9924152284070117
52;4;20304;1647324240;3261554;4211578;0.7744256428350609
52;5;20313;1611426424;3703039;3876275;0.9553086403828418
52;6;20293;1574788424;3420933;3296401;1.0377781707990017
52;7;20203;1538150408;3653152;3790196;0.9638425031317641
52;8;20223;1501510016;3624137;3906653;0.9276833647626241
52;9;20159;1464872016;3466983;3635336;0.9536898377481476
52;10;20508;1429098176;3382349;3007447;1.1246578908955005
53;0;0;1429098176;0;0;0.0
53;1;20299;1391471696;3436100;3545997;0.9690081520091528
53;2;20234;1354709376;3425616;3617324;0.9470028120234737
53;3;20383;1317825144;3416543;2706227;1.262474655673748
53;4;20474;1280200712;4099538;4336802;0.9452905620316537
53;5;20323;1243438392;3417264;3762721;0.9081895787649417
53;6;20303;1205811584;3399276;3238465;1.049656550248343
53;7;20433;1169051328;3748196;4210243;0.89025645313109
53;8;20280;1131424848;3873647;3508409;1.1041035979556546
53;9;20351;1094662528;3407185;3541795;0.9619938477523403
53;10;20170;1057778296;3437770;3425700;1.003523367486937
54;0;0;1057778296;0;0;0.0
54;1;20190;1020029560;3219974;2835922;1.1354240349346703
54;2;20921;982280824;3358878;3517698;0.9548511554999889
54;3;20393;943667584;3184413;2374537;1.3410669111494156
54;4;20398;905918848;3788731;4011981;0.944354173162834
54;5;20435;868170112;3432015;3841211;0.8934721367818639
54;6;20409;830421376;3393732;2932134;1.1574273208523211
54;7;20382;792672640;3366349;5331029;0.631463269098705
54;8;20371;754801992;3556867;4573068;0.7777857228451447
54;9;20584;717053240;3405350;2547281;1.3368568289089424
54;10;20467;679304520;3657441;3361456;1.088052617675198
55;0;0;679304520;0;0;0.0
55;1;20193;2053594672;3448830;4263810;0.808861089026012
55;2;20329;1996971568;3864289;3363287;1.1489620124598348
55;3;20444;1940229592;3304287;2326140;1.42050220537027
55;4;20292;1883606488;3425740;3760815;0.9109036206247848
55;5;20231;1827102256;3202327;2790880;1.1474255431978444
55;6;20497;1770479152;3663882;4785176;0.7656734046981762
55;7;20589;1713856048;3713119;4332227;0.8570924376769731
55;8;20276;1657114072;3914790;3059243;1.2796597066659954
55;9;20416;1600490984;3175618;3100036;1.0243810071883037
55;10;20542;1543867864;3431779;2608594;1.3155665465764317
56;0;0;1543867864;0;0;0.0
56;1;20429;1486313008;3430389;4442143;0.7722374088362306
56;2;20520;1428643376;3216145;3424630;0.93912189054
56;3;20527;1370971696;3212516;3303477;0.9724650724070426
56;4;20534;1313181144;3441005;4554932;0.7554459649452505
56;5;20624;1255509464;3446398;4429220;0.7781049485010905
56;6;20485;1197956656;3663920;3511562;1.0433875295381372
56;7;20480;1140282928;3532944;4121663;0.8571646929892134
56;8;20517;1082613296;3638931;3413041;1.0661843792676384
56;9;20402;1024822744;3438036;4841778;0.7100771658675801
56;10;20529;967151064;2991353;3401633;0.8793873413151859
57;0;0;967151064;0;0;0.0
57;1;20564;908549680;4137212;5427579;0.7622573526797123
57;2;20432;849829424;3769179;2556672;1.4742520745719436
57;3;20405;791109168;3429623;3664198;0.9359818983581127
57;4;20399;732270040;3460297;2470151;1.4008443208532595
57;5;20480;2078376064;3685046;3227872;1.1416332493977457
57;6;20366;2038891568;3109045;2702179;1.150569595870592
57;7;20580;1999812824;3300396;4583970;0.7199863873454669
57;8;20474;1960935552;3395155;4807583;0.7062082963518258
57;9;20711;1921351352;3435965;2996927;1.1464960607982777
57;10;20551;1882472016;3393649;4145863;0.8185627455610569
58;0;0;1882472016;0;0;0.0
58;1;20679;1842626128;3615717;4548176;0.7949817685155544
58;2;20461;1802680552;3204387;3312229;0.9674412608548503
58;3;20615;1762934352;3416610;3566153;0.9580660167973724
58;4;20398;1722988760;3461808;4442878;0.7791814224923574
58;5;20372;1683242576;3401464;3569288;0.9529810987513476
58;6;20544;1643396688;3405478;3524391;0.9662599864770963
58;7;20842;1603451096;3697250;3517386;1.0511357013418487
58;8;20414;1563704912;3407187;4291268;0.7939814059620607
58;9;20660;1523759320;3312525;3659252;0.9052464820679199
58;10;20509;1484013136;3196223;3032766;1.0538970035934194
59;0;0;1484013136;0;0;0.0
59;1;20485;1443300400;3000195;3824432;0.7844811987767072
59;2;20629;1402991368;3054642;2904915;1.051542644104905
59;3;20605;1362378320;3197425;2925135;1.0930863019997368
59;4;20645;1321565896;3412474;3402874;1.0028211447147324
59;5;20693;1281458304;3668126;4331325;0.8468831131351261
59;6;20676;1240643800;3933214;3044307;1.2919899339981151
59;7;20488;1200030768;3218157;3919624;0.821037170912312
59;8;20629;1159823488;3638676;4597892;0.7913791798502444
59;9;20534;1119008984;2966714;2236996;1.3262044277236078
59;10;20540;1078395952;2967360;3236895;0.9167303851376087
60;0;0;1078395952;0;0;0.0
60;1;20381;1037220032;3170328;4176381;0.7591089031388659
60;2;20733;996245632;3421127;4030088;0.8488963516429417
60;3;20629;954663984;3166613;3126322;1.0128876680009289
60;4;20464;913488088;3605593;2037936;1.7692376011808026
60;5;20386;872513664;3732366;3113789;1.1986573271342407
60;6;20461;830832312;3378668;3707203;0.9113792797427063
60;7;20591;789855824;3193199;2558612;1.2480200202297183
60;8;20656;748781696;2966379;2903684;1.0215915368201223
60;9;20403;707100344;3285280;3932447;0.8354289326722013
60;10;20601;2082025832;2746863;2955007;0.9295622649963265
61;0;0;2082025832;0;0;0.0
61;1;20855;2047890048;3439570;3621841;0.9496744887475734
61;2;20668;2015018784;3288007;3290810;0.9991482340214112
61;3;20433;1982097448;3185158;4302871;0.7402401791733938
61;4;20838;1947909920;3220404;3610336;0.8919956480504861
61;5;20484;1915769472;3312006;3796781;0.8723194727322962
61;6;20361;1882215040;3431728;3306004;1.038028992100433
61;7;20451;1848660608;3193958;1854463;1.7223088301033775
61;8;20411;1816422456;3399684;3868543;0.8788021743586668
61;9;20742;1782234912;3201799;3471819;0.9222252081689742
61;10;20690;1750094464;3186386;2714378;1.1738917718902822
62;0;0;1750094464;0;0;0.0
62;1;20586;1717223200;3390410;3599858;0.9418177050316985
62;2;20635;1684401648;3004336;3506769;0.8567248085060636
62;3;20746;1650114336;3209896;3280158;0.9785796903685737
62;4;20493;1617292784;3470868;3170153;1.094858197695821
62;5;20566;1584319688;3238094;3524857;0.9186454939874157
62;6;20672;1549502784;3310964;3628914;0.9123842560060669
62;7;20612;1515896608;3262085;3549924;0.9189168556847978
62;8;20936;1482342176;3447902;4208042;0.8193601679831143
62;9;20792;1446742336;2950476;3146455;0.937714348369832
62;10;20790;1413136160;3202458;3676224;0.8711270042304278
63;0;0;1413136160;0;0;0.0
63;1;20455;1378898560;3234409;2858523;1.1314965805767525
63;2;20773;1345925480;3162924;2934283;1.0779205686704385
63;3;20746;1310373664;3746975;4215083;0.8889445356117542
63;4;20657;1276821280;3062430;3134483;0.9770127960496197
63;5;20814;1243266848;3042624;2708340;1.1234276346396685
63;6;20604;1209710368;2755291;2023923;1.3613615735381237
63;7;20864;1176157984;3787166;4286310;0.8835492533204551
63;8;20553;1142603552;3414215;2195699;1.5549558477733059
63;9;20674;1108365952;3415772;4152098;0.8226617001814505
63;10;20551;1075392872;3218124;4014867;0.8015518322275682
64;0;0;1075392872;0;0;0.0
64;1;20756;1041257088;2857735;3311812;0.86289167380274
64;2;20159;1007602888;2796114;3912153;0.7147251142785059
64;3;20795;972786000;3739708;3406282;1.0978856125241538
64;4;20620;936399488;3258403;2971868;1.0964157896649516
64;5;20580;902064168;2824273;2448316;1.1535573839324662
64;6;20469;867928416;3247592;3722862;0.8723374651007746
64;7;20366;834373984;3080290;2468997;1.247587583135986
64;8;20491;800665960;3107602;3134772;0.9913327029844595
64;9;20613;765849056;2784964;3447840;0.8077416585456402
64;10;20462;732194872;3162610;3589642;0.8810377190817358
65;0;0;732194872;0;0;0.0
65;1;20923;698007328;3252120;3517360;0.9245911706507153
65;2;20519;2083052592;2927150;3666114;0.7984339821402171
65;3;21011;2048848000;3838054;2565619;1.4959563364630524
65;4;20656;2014536856;3379651;5234068;0.6457025395925311
65;5;20387;1980292144;2979712;1940227;1.5357543215304188
65;6;20910;1945980968;3198657;2285717;1.3994107756997038
65;7;20695;1911738336;2996770;3365110;0.8905414681838038
65;8;21037;1877531696;3651961;5440829;0.6712140741787694
65;9;20451;1843220536;3279167;2932349;1.118273097779289
65;10;20517;1808977888;3027275;3272840;0.9249688344068149
66;0;0;1808977888;0;0;0.0
66;1;20829;1774121088;3643890;2335950;1.5599178064598986
66;2;20508;1739771872;3171100;3017471;1.0509131653626498
66;3;20632;1704915072;2544973;2422278;1.0506527326756054
66;4;20688;1670565856;2973616;3120185;0.9530255417547357
66;5;21062;1635602472;3441934;2219148;1.5510159755005073
66;6;20564;1600707632;3746318;2305618;1.6248650036562866
66;7;20960;1565746328;2981803;2942712;1.013284004686833
66;8;20711;1531501632;3207280;3881688;0.8262590914055947
66;9;20984;1496646880;3432005;3972593;0.8639206180950326
66;10;21124;1462189016;3237095;4445504;0.7281727786095795
67;0;0;1462189016;0;0;0.0
67;1;20922;1426644016;3251942;3570775;0.9107104200068613
67;2;20522;1391644640;3073251;3139082;0.9790285822415598
67;3;20517;1353933976;3413765;3123769;1.0928352896773097
67;4;20488;1318388944;3196821;2558054;1.2497081766061233
67;5;20877;1283280936;3252117;3681597;0.8833441031161205
67;6;20357;1247735952;2555687;2731352;0.9356856970467373
67;7;20849;1212734512;2778711;2100083;1.3231434186172641
67;8;20983;1177626504;3432336;2694178;1.273982639602877
67;9;20989;1142083552;3243038;3338088;0.9715256158615351
67;10;20576;1106576608;2774810;3463313;0.8012010465124001
68;0;0;1106576608;0;0;0.0
68;1;20842;1070818440;3444594;4486285;0.767805433671735
68;2;20818;1035128800;3298262;3861982;0.8540334988614654
68;3;20600;999477216;2981579;2225599;1.3396748470861104
68;4;20638;963825632;2867325;3549400;0.8078337183749366
68;5;20587;928174048;2770282;2433021;1.138618203459814
68;6;20602;892522464;2780147;2704087;1.028127793225588
68;7;20615;856870880;2993388;2915610;1.02667640733843
68;8;20845;821219296;3214677;1907842;1.6849807269155412
68;9;20672;785567712;3209650;3210194;0.9998305398365332
68;10;20790;749916128;3371855;3416867;0.9868265285128159
69;0;0;749916128;0;0;0.0
69;1;21273;713612336;2782654;3040864;0.9150866332726488
69;2;21107;677310592;2802775;2952923;0.9491527547450441
69;3;20991;2059645024;3094806;3763752;0.8222661854447371
69;4;20872;2012304480;2993463;3321487;0.9012418233158823
69;5;20901;1964261176;3695250;3657357;1.0103607605164058
69;6;21026;1917038688;2778106;3453184;0.8045056388538809
69;7;20649;1869700192;3214905;3102802;1.036129601566584
69;8;20710;1821654856;3260269;4246593;0.7677375722137723
69;9;20856;1774314280;2511649;2974544;0.8443811891839555
69;10;20565;1727093856;2794608;1824090;1.532055984079733
70;0;0;1727093856;0;0;0.0
70;1;20519;1678859360;3015807;2276156;1.3249561980813267
70;2;20590;1630624864;2713543;3266985;0.8305954878886802
70;3;20730;1582270248;2797537;3636181;0.7693613161721048
70;4;20771;1534155872;2763142;2326301;1.1877835241441241
70;5;21066;1485921376;3391703;3563201;0.9518696812220248
70;6;20674;1437686880;2983063;2728419;1.0933302399668086
70;7;20727;1389452384;2600198;2556577;1.0170622672424887
70;8;20991;1341097784;2787639;3569601;0.780938541870646
70;9;20638;1292983392;2577913;2868541;0.8986843834548643
70;10;20606;1244748896;2573225;2462133;1.0451202270551592
71;0;0;1244748896;0;0;0.0
71;1;20889;1195618400;2581202;2955313;0.8734107013368804
71;2;21009;1146371896;2895075;2652104;1.0916144314099296
71;3;21036;1097828080;2993130;3268873;0.9156458510318388
71;4;20752;1048817760;3269440;3035485;1.077073350716607
71;5;20597;999689328;3219361;3593156;0.8959702835056423
71;6;20997;951027496;2978147;3754266;0.7932701092570426
71;7;20903;901899064;2791767;2861258;0.9757131303783161
71;8;20948;852888688;2957818;3262778;0.9065336348351006
71;9;20883;804346976;2345950;2521759;0.9302831872514383
71;10;20997;755216480;2786227;3913922;0.7118759648250528
72;0;0;755216480;0;0;0.0
72;1;21147;705660712;2857965;2752537;1.0383021190995798
72;2;20932;2071190480;2755493;2850484;0.966675483882737
72;3;21276;2021556544;2605422;2146066;1.2140456071714476
72;4;21072;1971816480;2595694;2582734;1.0050179383552469
72;5;21103;1922292688;2783147;3092171;0.9000624480340835
72;6;21036;1872658752;3228738;3815309;0.8462585861328663
72;7;20937;1822918704;3032840;3414666;0.8881805716869527
72;8;20673;1773394896;2763699;3209578;0.8610786215508706
72;9;20826;1723654816;2994391;2987121;1.00243378155756
72;10;20856;1674131040;2821187;2722595;1.0362125104909103
