ThreadPoolSize;RunNr;Runtime;Memory;Cache-Misses;Cache-References;Cache-Miss-Rate
1;0;0;325512760;0;0;0.0
1;1;192747;322050208;1535793;8983304;0.1709608179796654
1;2;192769;318793536;1257329;6668574;0.1885454071590118
1;3;192761;315470304;1259621;6626501;0.19008840412157185
1;4;192920;312104896;1273086;6732782;0.18908766094015816
1;5;192705;308759760;1305028;8654853;0.1507856921428937
1;6;193153;305531144;1361145;6924635;0.19656559515411282
1;7;192745;302188912;1140137;6505034;0.1752699524706558
1;8;192855;298965136;1205931;6645872;0.18145564645241438
1;9;192834;295615232;1195662;6681495;0.17895126764294517
1;10;193198;292275584;1361454;7012079;0.19415839439344593
2;0;0;292275584;0;0;0.0
2;1;96689;288843176;1849223;5455535;0.3389627231793032
2;2;96689;285576800;1505196;5013885;0.3002055292452858
2;3;96665;282204320;1486316;4893004;0.30376349579930856
2;4;96809;278897472;1449545;5098193;0.2843252501425505
2;5;96651;275513264;1327931;5015455;0.26476780272178696
2;6;96456;272065968;1231905;5240984;0.23505223446589418
2;7;96730;268681728;1611060;5548203;0.2903750998296205
2;8;96917;265410704;1476837;5376196;0.2746992483160956
2;9;97040;262079216;1305306;5132575;0.25431795930892387
2;10;96633;258736048;1400990;4929087;0.2842291077434827
3;0;0;258736048;0;0;0.0
3;1;64720;255419816;1345038;4644068;0.289624958118615
3;2;64845;251919360;1396313;4834196;0.2888407917262767
3;3;64865;248649888;1370766;4865552;0.281728774042493
3;4;64818;245230304;1386092;4810778;0.28812221224924534
3;5;64847;241814816;1380587;4893568;0.2821227783081792
3;6;64869;238254864;1378074;4879140;0.2824419877273454
3;7;64735;234736368;1364801;4935171;0.2765458380266864
3;8;64841;231345488;1538468;5110373;0.30104808396569094
3;9;64710;228055488;1362419;4787687;0.28456726598877496
3;10;64731;224656416;1421633;4931307;0.2882872633969047
4;0;0;224656416;0;0;0.0
4;1;48918;221386912;1231892;4583329;0.2687766904797801
4;2;48808;218237272;1122849;4485830;0.2503101990044206
4;3;48825;215054432;1241931;4560301;0.272335312954123
4;4;48890;211675840;1192244;4340438;0.27468287762663585
4;5;48692;208276768;1209642;4218143;0.28677121662304955
4;6;48723;205001576;1306586;4754578;0.27480588182589494
4;7;48737;201808424;1176583;4379502;0.26865680161808353
4;8;48937;198440160;1326998;4703064;0.2821560582632939
4;9;48766;195168672;1236131;4630207;0.2669710015124594
4;10;48791;503837272;1332296;4946460;0.26934332836007974
5;0;0;503837272;0;0;0.0
5;1;39708;500034896;1201131;4324349;0.2777599587822352
5;2;39698;496464864;1262632;4144432;0.30465742953437286
5;3;39691;492387784;1138573;4244504;0.268246419369613
5;4;39674;488811664;1166781;4312768;0.2705411002864054
5;5;39741;485360960;1299610;4539926;0.28626237520171033
5;6;39694;481784784;1232071;4195277;0.29368048879728326
5;7;39736;477699616;1309778;4434901;0.2953342137738813
5;8;39717;474131616;1285810;4367439;0.2944082332918674
5;9;39662;470680896;1161998;4294324;0.27058927086079204
5;10;39742;467104752;1059894;4404607;0.24063304626269721
6;0;0;467104752;0;0;0.0
6;1;33414;463645840;1080846;4094285;0.26398895045166615
6;2;33463;460189008;986204;3840127;0.2568154646968707
6;3;33417;456802816;1093239;4007749;0.2727813044180162
6;4;33385;453343936;923419;3674855;0.2512803906548694
6;5;33454;449959808;1114903;4131086;0.26988133386717195
6;6;33413;446066640;1053105;4014816;0.2623046734893953
6;7;33368;442607760;984640;3737895;0.2634209896211638
6;8;33362;439223632;1099119;4232892;0.25966147966921904
6;9;33375;436199008;986739;3854718;0.2559821496669795
6;10;33343;432740128;1104386;4204981;0.2626375719652479
7;0;0;432740128;0;0;0.0
7;1;28854;428804416;925977;3897390;0.23758900187048254
7;2;28898;424793968;1070357;4244894;0.2521516438337447
7;3;28803;420967392;887467;3984661;0.22272082869784907
7;4;28923;417140784;1309138;4783624;0.27367075673171637
7;5;28888;413314208;964646;4218402;0.22867569283344735
7;6;28833;409237184;1056473;4459738;0.2368912702943536
7;7;28821;405663056;925953;4044951;0.2289157520078735
7;8;28782;401725296;1052692;4227108;0.2490336182562641
7;9;28752;397898720;900062;3859697;0.23319498914033926
7;10;28802;394072112;1029939;4300563;0.2394893412792697
8;0;0;394072112;0;0;0.0
8;1;25221;389693952;850840;4149519;0.20504545225603257
8;2;25233;385683504;874284;3788793;0.2307552827509975
8;3;25230;381305344;1032729;4126277;0.25028106450439463
8;4;25290;376927184;899045;3932242;0.22863419901420107
8;5;25202;372916736;1277933;4433483;0.28824583290383654
8;6;25194;368538576;880332;4003102;0.21991245788890715
8;7;25251;364160432;1002199;4408951;0.2273100789734338
8;8;25273;359782272;870219;4089593;0.21278865647510645
8;9;25289;355521408;872949;4031817;0.21651503528061913
8;10;25241;351143232;1021064;4309348;0.23694164407237475
9;0;0;351143232;0;0;0.0
9;1;22913;347484144;894655;4504713;0.19860421740519318
9;2;22826;344475888;1087981;4286435;0.25381954934578504
9;3;22870;340657472;860969;4281396;0.2010953903820156
9;4;22821;337632864;818766;4165875;0.1965411828247367
9;5;22794;333990128;991353;4250051;0.23325673033100072
9;6;22840;330171712;873959;4379540;0.19955497609337966
9;7;22788;327147104;849485;4076536;0.20838402997054362
9;8;22805;323504368;964457;4280572;0.22531030899608745
9;9;22835;319685952;858279;4162977;0.20616952723976134
9;10;22780;316661344;963988;4337580;0.22224097307715363
10;0;0;316661344;0;0;0.0
10;1;20704;312650896;912255;4230714;0.21562672399977875
10;2;20729;308640448;850327;4097030;0.20754717441658957
10;3;20689;304999760;945333;4253003;0.22227423775623953
10;4;20702;301245856;832163;4112724;0.20233864465497806
10;5;20695;297235408;775433;3961079;0.1957630736473572
10;6;20725;293158400;1242472;4616439;0.26914078145514325
10;7;20780;289766096;871008;4365046;0.19954153976842398
10;8;20718;285755648;838201;4189848;0.20005522873383474
10;9;20753;281745184;1019045;4440943;0.22946590397579975
10;10;20768;277736784;876708;4182094;0.20963373850516034
11;0;0;277736784;0;0;0.0
11;1;18996;273982880;846642;4473413;0.1892608618967218
11;2;19010;269604720;976484;4724592;0.20668112717457932
11;3;18987;265160000;850502;4524705;0.18796849739375274
11;4;18999;261399968;823249;4396273;0.18726066374858885
11;5;18996;257021808;1188113;4850012;0.24497114646314277
11;6;18955;252577104;797435;4237344;0.18819217887431372
11;7;18969;248817056;826521;4223655;0.1956885683134631
11;8;18975;244622752;982632;4527265;0.21704759937843268
11;9;18955;240428448;978737;4601955;0.2126785246704933
11;10;18990;236234144;985278;4534005;0.21730853847757114
12;0;0;236234144;0;0;0.0
12;1;17410;231855984;859172;4667198;0.18408732605730463
12;2;17457;227405136;823823;4472297;0.18420578955288525
12;3;17364;222841072;802207;4455689;0.18004106660047414
12;4;17474;218279056;796815;4397802;0.18118482823919768
12;5;17413;214452464;926028;4704977;0.19681881547986313
12;6;17422;209890448;837527;4548873;0.18411747261354625
12;7;17433;205328432;827181;4394324;0.18823850949543092
12;8;17434;201501840;972364;4621546;0.2103979923601323
12;9;17366;196939824;801809;4612564;0.1738315175681031
12;10;17511;504295928;935975;5227723;0.179040664549365
13;0;0;504295928;0;0;0.0
13;1;16571;499818208;983049;5760329;0.17065848148604013
13;2;16566;494927232;1180058;6216764;0.1898186902382011
13;3;16565;490269808;1018627;5849838;0.17412909554076542
13;4;16601;484410800;1035705;5865416;0.17657826827628254
13;5;16571;480015608;1156235;6196861;0.1865839817933628
13;6;16555;475358184;1068023;5896673;0.1811229824004146
13;7;16534;471163936;1022275;5770602;0.17715222779183176
13;8;16569;466030256;1014133;5816295;0.17436065399021197
13;9;16541;460678176;1193408;6131678;0.1946299202273831
13;10;16618;456252312;1030666;5947086;0.17330605274583216
14;0;0;456252312;0;0;0.0
14;1;15648;452513024;1060863;6265052;0.16933027850367402
14;2;15663;449498328;1062665;5994333;0.17727827266186247
14;3;15613;445758576;1191436;6345373;0.18776453330639506
14;4;15657;442729992;1064670;6232470;0.17082633370076392
14;5;15693;439004224;1079753;6350794;0.17001858350310214
14;6;15696;435975600;1092986;6219060;0.17574778181911735
14;7;15717;432692944;1199523;6594560;0.18189583535520187
14;8;15659;428758272;1134940;6822071;0.16636297100982972
14;9;15725;425010384;1108553;6521135;0.16999387376583985
14;10;15713;421990032;1188341;6619118;0.1795316233975584
15;0;0;421990032;0;0;0.0
15;1;14811;418032688;1070525;6372955;0.16797937534471843
15;2;14830;414772616;1096319;6334281;0.1730771021999182
15;3;14777;410801488;1072183;6395417;0.16764864589752318
15;4;14811;407555272;1116201;6530714;0.17091561504607305
15;5;14852;403584072;1308975;6698549;0.19541172274771745
15;6;14846;400324032;1119203;6587084;0.1699087183342432
15;7;14889;396352944;1142012;6651404;0.17169487825427535
15;8;14832;393106688;1168297;7226572;0.1616668317979811
15;9;14837;389135472;1240248;6716008;0.18467041730742428
15;10;14793;385875440;1068563;6469671;0.16516496743033765
16;0;0;385875440;0;0;0.0
16;1;14018;381672864;1107051;6705485;0.165096335313553
16;2;14006;378195144;1078513;6251756;0.1725136105759726
16;3;14005;373992464;1351276;6884695;0.19627245651405037
16;4;14080;370500960;1282865;8605140;0.1490812467897094
16;5;13987;366298304;1037977;6319209;0.16425742525686363
16;6;13985;362804736;1028696;6138713;0.16757519043486802
16;7;14046;358604192;1170539;6388039;0.18323917559050595
16;8;14035;355126472;1186755;6479747;0.1831483544033432
16;9;13972;350923792;1056649;6331538;0.16688662375555513
16;10;13985;347420464;1059739;6377594;0.16616595537439355
17;0;0;347420464;0;0;0.0
17;1;13211;342990008;1196056;6384723;0.18733091474759359
17;2;13245;339275160;1269244;6280829;0.202082241054485
17;3;13222;334824656;993209;5965384;0.16649540079900976
17;4;13243;330886536;972049;5778458;0.16821944539529404
17;5;13270;327155184;982807;5952184;0.16511703939259942
17;6;13240;322729408;1222322;6204860;0.1969942915714456
17;7;13224;318998096;1135753;6182612;0.18370116060978758
17;8;13226;314572288;969760;5834030;0.16622471944779166
17;9;13254;310840976;975611;5991091;0.16284362898176644
17;10;13193;306415168;1114320;6104571;0.1825386255643517
18;0;0;306415168;0;0;0.0
18;1;12500;302452368;905835;5461990;0.1658434013976591
18;2;12543;297786784;1066834;5923812;0.18009248099028125
18;3;12523;293832256;909807;5573885;0.16322672606270133
18;4;12531;289166672;925203;5484262;0.1687014588289181
18;5;12538;285210112;1072809;5865650;0.1828968656500132
18;6;12504;280546576;929983;5560221;0.16725648135209015
18;7;12504;276592048;975225;5856361;0.1665240581992811
18;8;12516;271918288;1009467;6846283;0.1474474543339795
18;9;12532;267972000;966284;5738251;0.1683934704145915
18;10;12496;263992736;1152245;5974924;0.19284680441123603
19;0;0;263992736;0;0;0.0
19;1;11791;259120432;912526;5020922;0.18174470744616228
19;2;11876;254926104;842705;5025247;0.1676942446809082
19;3;11828;250268864;785134;4871751;0.1611605355035592
19;4;11859;245357984;845333;5033507;0.16794115911629803
19;5;11814;241169920;1036190;5183892;0.19988649454888335
19;6;11841;236266720;916691;4987247;0.18380701818057135
19;7;11829;232088936;800069;4933808;0.16216054617447617
19;8;11822;227894608;787212;4761097;0.16534256705965034
19;9;11830;223005880;794133;4771817;0.1664215119733217
19;10;11785;218811560;885866;4768371;0.18577958803960515
20;0;0;218811560;0;0;0.0
20;1;11262;213677488;765205;4623200;0.16551414604602874
20;2;11281;209251720;792328;4889413;0.16204971844268423
20;3;11262;204123152;769323;4564733;0.16853625392766675
20;4;11277;199691936;760791;4687858;0.16228968539576072
20;5;11276;194563328;906549;4902082;0.18493142301577167
20;6;11289;500126728;771730;4624620;0.1668742512898357
20;7;11270;494423304;758073;4464456;0.16980187507727706
20;8;11254;488112512;760308;4368499;0.1740433041188747
20;9;11296;482465400;789324;4758435;0.16587890766607088
20;10;11289;476488512;788354;4689319;0.16811694832447951
21;0;0;476488512;0;0;0.0
21;1;10767;469882488;821620;4352957;0.18874985440931302
21;2;10759;463905600;688030;4297531;0.160098903300523
21;3;10749;457299576;677864;4218840;0.160675446331219
21;4;10762;451322688;689215;4366146;0.1578543182019108
21;5;10767;444716664;674608;4082527;0.16524275283421272
21;6;10760;438739776;923147;4626031;0.19955486679618015
21;7;10759;432448320;730529;4312564;0.1693955150578635
21;8;10760;425842296;692681;4349433;0.15925776992081497
21;9;10743;419865408;688739;4158288;0.16563042290481084
21;10;10742;413231648;691069;4255735;0.1623853458920727
22;0;0;413231648;0;0;0.0
22;1;10272;406967928;605087;3811541;0.15875127671458866
22;2;10291;400363968;719567;3935615;0.18283470308960606
22;3;10254;393447528;576043;3690471;0.15608929049977632
22;4;10300;387156072;631705;3981169;0.1586732439642728
22;5;10267;380239624;587809;3819342;0.15390321160032278
22;6;10268;373948168;600420;3865932;0.15531054348602097
22;7;10291;367436608;643755;4096429;0.1571502887026725
22;8;10290;360518080;699808;3858789;0.18135430571611974
22;9;10270;354226624;583765;3807163;0.15333333508441852
22;10;10266;347310184;607721;3834446;0.15848990962449333
23;0;0;347310184;0;0;0.0
23;1;9828;340706232;493317;3606906;0.13677012930195576
23;2;9805;333567608;440903;3119280;0.14134768279859455
23;3;9786;326963648;415376;3131678;0.1326368802922906
23;4;9877;319706960;673571;3917052;0.1719586566632253
23;5;9839;313130760;453210;3264347;0.13883634307259615
23;6;9822;305643936;437833;3221209;0.13592194731853785
23;7;9840;299075688;472379;3399735;0.13894582960142482
23;8;9822;292471736;451743;3332808;0.13554426177565584
23;9;9811;285333112;428284;3210736;0.13339122244868468
23;10;9891;278076648;660453;3735483;0.17680524847790768
24;0;0;278076648;0;0;0.0
24;1;9540;271187720;482437;3121111;0.15457220201396232
24;2;9469;264361592;326724;2785929;0.11727649914983476
24;3;9500;256820152;351412;2769389;0.12689152733689632
24;4;9497;249996096;318835;2856740;0.11160798672612839
24;5;9514;242452584;334086;2747093;0.1216143756327143
24;6;9502;235536136;480959;3123390;0.15398621369729684
24;7;9525;228065664;462967;2945701;0.15716700371151043
24;8;9506;221168568;314779;2746369;0.11461642627046839
24;9;9497;213698120;334861;2646348;0.12653702385324983
24;10;9466;206801000;316762;2727363;0.11614222235910658
25;0;0;206801000;0;0;0.0
25;1;9461;199003720;320495;2734955;0.11718474344184822
25;2;9457;500751728;508853;2977614;0.17089286925706287
25;3;9476;493639840;424835;2874866;0.1477755832793598
25;4;9451;485842480;325452;2731887;0.11913084252752768
25;5;9504;478647736;318534;2687227;0.11853632015456826
25;6;9492;471162416;316379;2745869;0.11521999046567771
25;7;9515;463662776;341261;2676933;0.1274820849083634
25;8;9468;455961104;329120;2755887;0.11942434504752916
25;9;9463;448685024;443003;2868839;0.15441891301672905
25;10;9466;440993560;315817;2677950;0.11793237364401875
26;0;0;440993560;0;0;0.0
26;1;9458;433413680;329086;2672807;0.12312374219313253
26;2;9483;425616352;344517;2733826;0.12602009052514682
26;3;9463;418142352;298760;2731660;0.1093693944341536
26;4;9500;410049368;333186;2661615;0.12518189144560726
26;5;9466;402547696;610712;3120842;0.19568821491123228
26;6;9467;394482456;437266;2977996;0.14683229930463304
26;7;9490;386467632;444087;2981052;0.14896989384955378
26;8;9508;378887728;500463;3168913;0.1579289175815177
26;9;9492;370872952;597478;3352067;0.17824166402401861
26;10;9571;363320776;412946;3534553;0.11683118063302489
27;0;0;363320776;0;0;0.0
27;1;9611;355010288;424526;3706031;0.11455004019124503
27;2;9619;347134808;468712;3882199;0.12073363575643598
27;3;9618;338746200;734684;4441041;0.1654305826043939
27;4;9639;330948872;436481;3679701;0.11861860515297303
27;5;9638;322560280;484309;4050474;0.11956847519574253
27;6;9587;314790696;444573;3754078;0.11842401782807922
27;7;9584;306402072;584674;4060321;0.14399698940059172
27;8;9583;298604672;474543;3882775;0.12221748620509816
27;9;9624;290216064;439740;3818655;0.11515572891502375
27;10;9592;281897488;440346;3739910;0.11774240556590934
28;0;0;281897488;0;0;0.0
28;1;9594;273734488;452036;4017486;0.11251713136025863
28;2;9606;265128432;435587;3708068;0.11747006797070604
28;3;9593;257252912;431688;3833883;0.11259811527894827
28;4;9645;248864304;576782;4087342;0.1411142008669693
28;5;9614;240258248;436826;3772786;0.11578340250414415
28;6;9600;232087104;438884;3799467;0.11551199155039378
28;7;9623;223698496;437518;3716965;0.11770839919127568
28;8;9614;215092424;431291;3750877;0.11498404239861772
28;9;9602;206921264;442862;3781086;0.11712560888591267
28;10;9615;198315208;567336;4052251;0.14000514775614836
29;0;0;198315208;0;0;0.0
29;1;9614;498778392;416389;3124173;0.13327975115334523
29;2;9609;489988184;429512;3852990;0.11147498436279357
29;3;9630;481372168;422536;3681865;0.11476140488583911
29;4;9619;472573864;437061;3855174;0.11336998018766468
29;5;9613;463515384;445464;3790870;0.11750970093936221
29;6;9586;455091504;696428;4230014;0.1646396442186716
29;7;9591;446291120;434514;3643076;0.11927118731533462
29;8;9582;437658720;432242;3741033;0.11554081452903517
29;9;9617;428616640;440514;3747366;0.11755296920557
29;10;9614;419818304;449641;3907184;0.11508057977305394
30;0;0;419818304;0;0;0.0
30;1;9601;411051312;404309;3702905;0.10918697617141136
30;2;9592;401680392;594627;4238013;0.1403079697962229
30;3;9593;392555328;433431;3905016;0.11099339925879945
30;4;9610;383788336;408963;3868175;0.10572505121924422
30;5;9625;374417416;412027;3713460;0.110955012306582
30;6;9610;365279632;458263;4002344;0.11449865378887972
30;7;9630;356525360;418180;3670694;0.1139239609730476
30;8;9614;347154440;452164;4007079;0.11284129911089849
30;9;9642;338029376;744802;4454327;0.16720864902823704
30;10;9593;329262384;434898;3864888;0.11252538236554332
31;0;0;329262384;0;0;0.0
31;1;9437;319564720;348806;2859487;0.12198201985181258
31;2;9451;310388016;336121;2894979;0.11610481457723873
31;3;9460;300690352;394438;3148838;0.1252646214254274
31;4;9466;291511600;325762;2894356;0.11255077122510154
31;5;9447;281815984;602140;3328318;0.18091420351060206
31;6;9445;272639280;378172;3094664;0.122201311677132
31;7;9459;262941616;313703;2704779;0.1159810099087578
31;8;9598;253764912;461968;3971075;0.11633323470344932
31;9;9488;244067248;399431;3177773;0.1256952589124522
31;10;9490;234890544;367659;3121415;0.117786004103908
32;0;0;234890544;0;0;0.0
32;1;9452;224866136;475986;3225813;0.14755536046261827
32;2;9602;215277656;431285;3862807;0.11165067268439764
32;3;9475;205665048;386873;3288988;0.11762675935576536
32;4;9458;195749784;341525;2912700;0.11725375081539464
32;5;9471;493154824;335580;2682719;0.12508950806998423
32;6;9490;479815472;350575;2922764;0.11994639320862033
32;7;9463;466703240;385723;2999588;0.12859199330041327
32;8;9468;453325352;437782;3065013;0.14283202061459446
32;9;9468;440328560;323781;2857072;0.11332616048878012
32;10;9451;427304016;338747;2888724;0.11726527006387595
33;0;0;427304016;0;0;0.0
33;1;9470;413562120;352979;2932589;0.12036429243920645
33;2;9468;400482672;376961;2989987;0.12607446119330953
33;3;9471;387044248;361809;2953621;0.12249675906285877
33;4;9468;373633576;513532;4032558;0.12734646346066195
33;5;9464;359863944;464225;3134786;0.14808825865625277
33;6;9480;346768080;340505;2930356;0.11619919218006276
33;7;9461;333373808;359708;2941453;0.12228922236731303
33;8;9445;319935384;363251;3075497;0.11811131664248087
33;9;9479;306193488;367252;3014078;0.12184555276937094
33;10;9439;292746904;508655;3241231;0.1569326592273121
34;0;0;292746904;0;0;0.0
34;1;9447;279261736;331747;2907480;0.11410121479769422
34;2;9475;265409432;331064;2974590;0.11129735526576771
34;3;9460;251559176;366590;3005013;0.12199281667001108
34;4;9448;237732576;343067;3136631;0.10937435739173655
34;5;9466;223532168;349030;2888610;0.12082974164044298
34;6;9464;210055720;455792;3238161;0.14075643552003744
34;7;9455;196203416;339126;3059585;0.11084052248916111
34;8;9464;488975608;398684;3179923;0.12537536286255987
34;9;9465;471688688;358860;3027864;0.11851919372864832
34;10;9447;454376824;346769;2892040;0.11990463479066679
35;0;0;454376824;0;0;0.0
35;1;9466;436557944;356076;2912375;0.12226310142066184
35;2;9478;418725240;344776;2979737;0.11570685600776176
35;3;9462;400906360;496886;3011693;0.16498560776280982
35;4;9446;383073672;352262;2931317;0.12017192272278979
35;5;9450;365254776;319658;2843575;0.11241412658361394
35;6;9443;347422072;346564;2921602;0.11862122219248207
35;7;9456;329603192;350890;3118518;0.11251818972986527
35;8;9469;311770488;362079;3218652;0.11249398816647466
35;9;9497;293951592;623112;3496249;0.1782230041395793
35;10;9443;276118920;363600;3045337;0.11939565309192382
36;0;0;276118920;0;0;0.0
36;1;9444;257779200;402754;3388355;0.1188641686009878
36;2;9471;239425640;344227;2961517;0.11623333582079724
36;3;9454;221072112;344926;3029248;0.11386522331614975
36;4;9457;202718600;359241;3058532;0.11745536747694646
36;5;9469;493694912;444632;3576287;0.12432782939400557
36;6;9498;481189272;470661;3209587;0.14664223153944728
36;7;9450;468766960;332932;3006726;0.11072907873880095
36;8;9479;456731776;376124;3143754;0.1196416767978665
36;9;9458;444519408;364461;3171066;0.1149332748041195
36;10;9452;432256800;330441;2837624;0.11644988906211676
37;0;0;432256800;0;0;0.0
37;1;9462;419489568;351993;2980868;0.11808406142103575
37;2;9486;406914816;653116;3509512;0.18609880803940831
37;3;9459;394187776;349014;2907103;0.120055601745105
37;4;9456;381395936;320734;2833167;0.11320688120396714
37;5;9480;368821184;355607;2964435;0.11995776598238787
37;6;9441;356439040;355646;3077968;0.11554571067665421
37;7;9463;343815104;367230;3099574;0.11847757143400997
37;8;9456;331072448;490248;3282650;0.14934519366974852
37;9;9481;318489536;341806;3012165;0.11347519143207627
37;10;9464;305712224;357454;3101447;0.11525394436854797
38;0;0;305712224;0;0;0.0
38;1;9459;292606208;361395;3006277;0.12021347334260948
38;2;9478;279879152;364194;3149388;0.11563960998136781
38;3;9446;266951328;359789;3071660;0.11713177890782182
38;4;9437;253822720;449427;3138719;0.14318803307973732
38;5;9478;240894912;357051;3058661;0.11673441417666096
38;6;9466;228167856;516339;3523665;0.1465346450357795
38;7;9463;215212336;365847;3069943;0.1191706165228475
38;8;9439;202268128;338536;2980148;0.11359704283142985
38;9;9476;497243240;373882;3121181;0.11978863129052753
38;10;9456;487083848;342905;2912043;0.11775409909812458
39;0;0;487083848;0;0;0.0
39;1;9466;476772352;484084;3235247;0.14962814276622466
39;2;9480;466379184;356382;2901592;0.12282291928017447
39;3;9446;456324304;338551;2922518;0.11584222920098354
39;4;9461;445950600;342553;2916290;0.11746191222409294
39;5;9463;435639120;327370;3071334;0.10658886334081542
39;6;9467;425186776;367781;3059367;0.12021473723159072
39;7;9444;414875264;496139;3401309;0.1458670764696768
39;8;9467;404485160;318553;2802120;0.11368285441023225
39;9;9465;394173664;347492;3091050;0.11241875738017826
39;10;9437;383783560;372419;3028902;0.1229551170688256
40;0;0;383783560;0;0;0.0
40;1;9468;373202160;340912;3023941;0.11273764931260233
40;2;9467;362525736;345935;2973545;0.11633757013934547
40;3;9478;352056360;559245;3728014;0.15001150746751488
40;4;9430;341474984;366622;3060339;0.11979783938968853
40;5;9464;330814928;358887;3098187;0.11583774639813542
40;6;9492;320281408;400941;3251721;0.12330116882721488
40;7;9460;309635704;371147;3200215;0.11597564538632561
40;8;9472;299324240;355348;2979189;0.11927675619103051
40;9;9440;288664184;360023;3029026;0.11885767900308548
40;10;9454;278082784;539464;3524721;0.15305154649119745
41;0;0;278082784;0;0;0.0
41;1;9447;267152792;346429;3031903;0.11426124120725498
41;2;9482;256301472;348001;3110584;0.1118764193476209
41;3;9494;245346952;397235;3280170;0.12110195508159638
41;4;9439;234615832;347761;3098233;0.11224494736193179
41;5;9440;223828816;350950;3077642;0.11403210639834002
41;6;9482;212896776;492081;3460637;0.14219376374927506
41;7;9434;202045440;337604;2959344;0.11408068815250948
41;8;9458;498361272;390227;3403755;0.11464603063381472
41;9;9467;488788920;489114;3192237;0.15321982672339177
41;10;9494;479396632;369259;3017079;0.12238956951408962
42;0;0;479229176;0;0;0.0
42;1;9460;469451560;309106;2807461;0.11010161850868097
42;2;9447;459825096;513019;3412860;0.15031938022655486
42;3;9461;449869032;345085;3049102;0.11317594491755277
42;4;9443;440258920;330814;2948549;0.11219552396789065
42;5;9472;430529016;361163;2941096;0.12279877977461463
42;6;9441;420921608;330880;3053145;0.10837349683686821
42;7;9451;410962792;344773;3012993;0.11442874244978332
42;8;9428;401336344;344204;3057696;0.11256972570196645
42;9;9441;391549800;497592;3298903;0.15083559595417023
42;10;9447;381753736;340465;2998375;0.11354983949639388
43;0;0;381753736;0;0;0.0
43;1;9471;371577240;343464;3020486;0.1137115020562916
43;2;9483;361724616;370756;3098538;0.11965514058565685
43;3;9460;351703912;360741;3326447;0.10844633929234405
43;4;9468;341690120;350312;3157037;0.1109622725359253
43;5;9473;331502504;505945;3480658;0.1453590097044869
43;6;9449;321479752;349051;3112919;0.11212980485518576
43;7;9454;311619160;341378;3175240;0.10751250299189982
43;8;9454;301679360;321970;2991819;0.10761680435881983
43;9;9465;291824088;329395;3054173;0.10785079954540885
43;10;9446;281862728;363016;3096543;0.11723266881809812
44;0;0;281862728;0;0;0.0
44;1;9444;271778584;565309;3691286;0.1531468978561943
44;2;9457;261526376;341188;3006007;0.11350206436645024
44;3;9457;251496184;383748;3167770;0.12114137074345675
44;4;9464;241093464;325849;2956060;0.1102308478177033
44;5;9457;231006680;360414;3129080;0.11518209825252151
44;6;9438;220813816;341812;2955933;0.11563590920362539
44;7;9445;210562200;350405;3091650;0.11333915546714537
44;8;9477;200475416;612306;3779507;0.16200684374972715
44;9;9426;498972888;365211;3080205;0.1185671083580476
44;10;9468;490626576;356396;2951506;0.120750559206046
45;0;0;490626576;0;0;0.0
45;1;9468;481916896;369973;3187430;0.1160725098276668
45;2;9489;473314000;355269;3181445;0.11166906861504756
45;3;9440;464568816;343454;2937992;0.11690093097598632
45;4;9464;455938440;482861;3453543;0.13981612506344934
45;5;9468;447212416;509411;3448859;0.14770421174075252
45;6;9460;438590384;346759;3090278;0.11220964586357603
45;7;9447;429866912;329980;2931857;0.11254982763484031
45;8;9493;421263968;410523;3434756;0.1195202803343236
45;9;9476;412518744;331651;3022024;0.10974466119395478
45;10;9464;403918560;531570;3621710;0.14677320934033924
46;0;0;403918560;0;0;0.0
46;1;9474;394973008;340714;3190995;0.10677359256282132
46;2;9452;386351008;358047;3282148;0.10908923058923607
46;3;9448;377438112;348208;2977886;0.11693127272165556
46;4;9446;368645744;355803;3058519;0.11633179326334085
46;5;9482;359711104;369318;3039725;0.12149717490891446
46;6;9462;350907888;367844;3137036;0.11725845670881686
46;7;9453;341975968;615768;3544843;0.17370811626918314
46;8;9451;333161856;345702;3131432;0.11039741562326756
46;9;9457;324251688;359763;3111216;0.11563420861810944
46;10;9458;315445712;367339;3176776;0.11563264139492366
47;0;0;315445712;0;0;0.0
47;1;9460;306321712;336505;3265067;0.10306220362399914
47;2;9491;297342576;376499;3347734;0.11246383374545289
47;3;9472;288207680;634040;3645585;0.17391996071961016
47;4;9447;279223232;360171;3110565;0.11578957520579058
47;5;9440;270104528;352740;3180376;0.1109114142478751
47;6;9440;261106408;331939;3024095;0.1097647395336456
47;7;9441;251985216;376436;3353232;0.11226064883074001
47;8;9458;243006032;333518;3122135;0.10682369596446022
47;9;9430;233884752;493621;3571710;0.13820298960441918
47;10;9463;224886688;483742;3439106;0.14065922946254056
48;0;0;224886688;0;0;0.0
48;1;9446;215562224;493755;3567203;0.13841516728933004
48;2;9435;206393808;493042;3293489;0.14970203331482207
48;3;9453;197203840;372049;3212083;0.11582795338725681
48;4;9442;497946056;369891;3219234;0.114900314795383
48;5;9467;488680352;362527;3238134;0.11195552747353878
48;6;9463;479381112;496363;3408060;0.14564385603539845
48;7;9449;470184800;333816;3108535;0.10738692020517704
48;8;9459;460882904;333887;3085454;0.10821324835826429
48;9;9438;451719352;335893;3100447;0.10833695915459932
48;10;9440;442544744;320048;2970141;0.1077551537115578
49;0;0;442544744;0;0;0.0
49;1;9455;433053448;361653;3222461;0.11222882138837367
49;2;9449;423686776;516594;3614307;0.142930304481606
49;3;9476;414180056;369559;3318429;0.11136564922739044
49;4;9440;404791672;362781;3223788;0.11253252385082393
49;5;9473;395305704;332220;3126036;0.10627516765641855
49;6;9476;385936344;378492;3455795;0.10952385775197893
49;7;9461;376404088;373492;3377516;0.11058185956780071
49;8;9466;367082032;528770;3762379;0.14054139681302708
49;9;9450;357556904;322889;3181950;0.10147519602759314
49;10;9458;348205024;396301;3572376;0.11093485120267295
50;0;0;348205024;0;0;0.0
50;1;9451;338646152;334645;3105077;0.10777349482798655
50;2;9440;328954392;365926;3364078;0.10877452900913713
50;3;9459;319390424;413295;3471516;0.11905317446326043
50;4;9480;309701248;379902;3364389;0.11291857154449143
50;5;9456;300142536;506148;3605753;0.1403723438627105
50;6;9428;290445432;359097;3135422;0.11452908093392213
50;7;9457;280889336;386635;3282626;0.11778222679038063
50;8;9444;271364312;360741;3247101;0.11109632869442619
50;9;9471;261653536;384836;3387856;0.11359278552571302
50;10;9459;252097464;370618;3310457;0.1119537272346386
51;0;0;252097464;0;0;0.0
51;1;9473;242213624;550274;3738734;0.1471819070305617
51;2;9492;232462744;377114;3362359;0.11215756556631817
51;3;9472;222567968;361138;3369194;0.10718824739685515
51;4;9439;212817032;363177;3293682;0.11026474322657744
51;5;9467;202933264;341937;3341462;0.1023315542717529
51;6;9456;193187768;382675;3332524;0.11483038081646224
51;7;9467;493243960;526742;3880694;0.13573396923333816
51;8;9436;481093976;350595;3185996;0.11004251103893413
51;9;9470;469180536;381200;3362289;0.11337514413543869
51;10;9474;457178104;385467;3272091;0.11780448648891488
52;0;0;457178104;0;0;0.0
52;1;9463;445012088;383978;3344645;0.1148038132597032
52;2;9453;432683904;355590;3189891;0.11147402842291476
52;3;9449;420276568;371711;3268609;0.11372146377862877
52;4;9480;408110464;517958;3533278;0.14659418251266954
52;5;9488;395860752;522968;3638357;0.14373740674705643
52;6;9460;383697320;519951;3534684;0.14709971244954287
52;7;9449;371442280;362315;3280666;0.11043946564508549
52;8;9444;359283584;367956;3318446;0.11088202128345617
52;9;9437;346876248;348311;3287862;0.10593844875484433
52;10;9444;334710144;515262;3694613;0.13946305066322237
53;0;0;334710144;0;0;0.0
53;1;9446;322210408;377071;3256155;0.1158025339702809
53;2;9484;309796984;391663;3449655;0.11353686093247006
53;3;9444;297291936;383856;3313831;0.11583451298512205
53;4;9464;284881168;379636;3409778;0.1113374536406769
53;5;9474;272378776;368657;3396195;0.10855000964314475
53;6;9450;259960040;507843;3620055;0.14028599012998422
53;7;9472;247462976;354746;3325259;0.10668221633262251
53;8;9497;235049536;408524;3603818;0.11335866572618263
53;9;9492;222544488;350507;3291005;0.10650454800281373
53;10;9452;210133720;348004;3203170;0.10864362490907445
54;0;0;210133720;0;0;0.0
54;1;9457;197381344;351134;3269308;0.10740315687601168
54;2;9466;494273936;411615;3633298;0.11328963382579683
54;3;9482;481684424;486555;3444429;0.14125853661085772
54;4;9463;469472000;358357;3145467;0.11392807490906756
54;5;9486;456981608;367168;3409373;0.10769370203846866
54;6;9468;444551424;357633;3215240;0.11123057687762034
54;7;9463;432202672;335194;3339103;0.10038444456490261
54;8;9436;419676792;378729;3356490;0.11283483639158765
54;9;9449;407268352;496006;3609262;0.13742587819892266
54;10;9469;394682704;378720;3224499;0.11745080398536331
55;0;0;394682704;0;0;0.0
55;1;9455;381947144;363595;3354350;0.1083950690893914
55;2;9466;369124568;332179;3223131;0.10306096773603059
55;3;9447;356705200;364853;3305389;0.11038125921033802
55;4;9417;343966904;353010;3202390;0.11023329450816421
55;5;9480;331291472;541133;3940117;0.13733932266478383
55;6;9468;318569576;370078;3245393;0.11403179830609113
55;7;9451;305891488;377652;3462676;0.10906362593554811
55;8;9476;293172248;364427;3239250;0.11250351161534305
55;9;9441;280513216;338758;3307122;0.10243287063495088
55;10;9465;267772264;368195;3193363;0.11530007706608988
56;0;0;267772264;0;0;0.0
56;1;9454;254857136;380828;3412738;0.11159016601919046
56;2;9477;241683096;501161;3622319;0.13835363478478843
56;3;9459;228776272;335405;3376301;0.0993409651568388
56;4;9458;215716608;373552;3269334;0.11425935679866298
56;5;9452;202763208;371024;3461293;0.10719231223707441
56;6;9479;496959320;466451;4005383;0.11645602929857145
56;7;9451;487779592;347992;3337602;0.10426407941989488
56;8;9431;478630496;497884;3606179;0.13806413935636583
56;9;9456;469460560;372397;3264896;0.11406090729995687
56;10;9452;460365920;342242;3365878;0.1016798588659482
57;0;0;460365920;0;0;0.0
57;1;9453;451060864;392026;3314368;0.11828077027053122
57;2;9488;441704144;391346;3538593;0.11059367381329246
57;3;9461;432301424;348848;3310777;0.10536741073168021
57;4;9469;423137872;493047;3728711;0.13222987783177617
57;5;9453;413783264;473433;3447645;0.13732069282075154
57;6;9457;404446192;371681;3352873;0.1108544821113117
57;7;9449;395073288;352582;3147575;0.11201702898262948
57;8;9453;385849784;383129;3333784;0.11492316238844508
57;9;9491;376525296;359215;3233261;0.1110999081113464
57;10;9486;367174784;348075;3254177;0.10696252846725916
58;0;0;367174784;0;0;0.0
58;1;9460;357653584;533923;3713380;0.14378356106835283
58;2;9446;348248528;379506;3387667;0.1120257687665287
58;3;9442;338779184;393127;3368837;0.11669516809510226
58;4;9438;329280368;366170;3472062;0.10546182643051881
58;5;9465;319735056;392506;3565880;0.1100726889295209
58;6;9455;310368728;337017;3315915;0.10163619996290617
58;7;9487;300866016;580664;3968020;0.14633595596796387
58;8;9447;291364472;377883;3407723;0.11089017505237368
58;9;9438;281946176;355453;3454450;0.10289713268392943
58;10;9460;272471904;428451;3571725;0.11995632362513911
59;0;0;272471904;0;0;0.0
59;1;9444;262785648;372795;3477055;0.10721573285438396
59;2;9462;253252160;335317;3347537;0.10016827297203884
59;3;9467;243585000;568098;3965419;0.1432630448383891
59;4;9453;233918952;493532;3757059;0.13136125889958075
59;5;9454;224369080;355809;3515869;0.1012008695432054
59;6;9424;214718312;343555;3298324;0.10416047665420378
59;7;9453;205052264;341622;3507690;0.09739230091598744
59;8;9430;195342320;376838;3396008;0.11096499183747506
59;9;9530;494749504;399853;3719609;0.1074986645101676
59;10;9437;484304536;390326;3450804;0.11311161109121237
60;0;0;484304536;0;0;0.0
60;1;9454;473755840;358890;3358177;0.1068704835986906
60;2;9450;463297504;354094;3309212;0.1070025129849644
60;3;9632;452806344;530840;5733375;0.0925876992173022
60;4;9847;442174248;799203;5697528;0.14027188633386267
60;5;9563;431842272;423621;3455229;0.12260287234218051
60;6;9429;421354464;532754;3725026;0.14302020979182428
60;7;9440;410697816;537759;3611584;0.14889837810777765
60;8;9456;400211016;370222;3428586;0.10798095774759624
60;9;9447;389674328;396245;3282890;0.12070005391590946
60;10;9440;379064176;348376;3369474;0.1033918053678408
61;0;0;379064176;0;0;0.0
61;1;9501;368244880;348025;3372969;0.10318061031690479
61;2;9444;357571736;540437;3809438;0.14186790807462937
61;3;9442;346760584;409017;3497447;0.11694730470540368
61;4;9458;335916760;371011;3496372;0.10611313670284513
61;5;9443;325246320;350300;3300029;0.10615058231306453
61;6;9460;314435192;377737;3533136;0.10691266908491494
61;7;9444;303585896;348566;3452611;0.10095721759561098
61;8;9486;293078304;397224;3501268;0.1134514695818772
61;9;9449;282388744;520785;3792397;0.13732343950277356
61;10;9438;271607768;363075;3593579;0.10103437269641213
62;0;0;271607768;0;0;0.0
62;1;9468;260736440;376062;3494748;0.10760775884269767
62;2;9447;249770720;352712;3463356;0.10184110440855633
62;3;9458;238899472;380649;3558551;0.10696741454597672
62;4;9443;227914808;378391;3608236;0.10486869484146824
62;5;9469;216902640;707569;4259586;0.16611215268338284
62;6;9458;206055888;440662;3503448;0.1257795177779148
62;7;9444;195071112;649961;4107412;0.15824100431123053
62;8;9489;494530488;460819;3800009;0.12126787068135891
62;9;9456;483545144;355509;3398728;0.10460060351990509
62;10;9452;472642392;399103;3487004;0.11445441416184209
63;0;0;472642392;0;0;0.0
63;1;9481;461470624;580313;3929242;0.14769082688213148
63;2;9465;450355752;650522;4143396;0.15700213061942425
63;3;9464;439255384;378130;3441625;0.10986961101223985
63;4;9461;428100040;523996;3646150;0.14371213471744168
63;5;9483;416954904;696102;12009372;0.05796323071681017
63;6;9458;405582840;361741;3502488;0.10328115328303766
63;7;9461;394361760;408080;3458611;0.11798956286208538
63;8;9499;383243416;628244;3900589;0.16106388035242883
63;9;9464;372028408;391635;3580575;0.10937768375191136
63;10;9461;360933648;397445;3401611;0.11684022658675551
64;0;0;360933648;0;0;0.0
64;1;9437;349662184;346684;3418982;0.10139977338283734
64;2;9435;338279336;345514;3379250;0.10224576459273507
64;3;9463;327033504;371338;3467579;0.10708854794656444
64;4;9475;315740072;528161;3786327;0.13949164982316636
64;5;9500;304477960;390304;3505393;0.11134386358391199
64;6;9458;293222936;371917;3435502;0.10825695924496624
64;7;9450;281952568;374390;3400046;0.11011321611531139
64;8;9449;270629792;365533;3494906;0.10459022359971913
64;9;9482;259300808;373987;3434355;0.10889584798310017
64;10;9469;247928784;542819;3912340;0.1387453544426098
65;0;0;247928784;0;0;0.0
65;1;9463;236585480;328793;3354097;0.09802727828086069
65;2;9443;225043944;363477;3511357;0.10351468107629044
65;3;9455;213565096;366459;3402071;0.10771644683488381
65;4;9462;201972600;402148;3404338;0.11812810596362641
65;5;9427;190521048;380228;3397030;0.11192953844976347
65;6;9444;485436664;400897;3511272;0.11417429353237231
65;7;9477;468258688;470106;3513414;0.13380318971803493
65;8;9443;451075144;385446;3477003;0.11085581461965952
65;9;9464;434160800;342545;3269684;0.10476394660768441
65;10;9442;417128240;348851;3491464;0.09991539365721658
66;0;0;417128240;0;0;0.0
66;1;9456;399733336;380658;3483793;0.10926538976339868
66;2;9471;382547232;365322;3344921;0.10921692918906008
66;3;9448;364971152;524782;3808884;0.1377784148847799
66;4;9456;347886752;386192;3490895;0.11062836321344527
66;5;9473;330680384;348646;3465469;0.10060571887960908
66;6;9453;313308368;385119;3492180;0.11028039791763311
66;7;9435;296034256;376451;3525205;0.10678839953988492
66;8;9432;278567848;342116;3228871;0.10595530140411308
66;9;9440;261449760;560939;3864762;0.14514192594524578
66;10;9449;244148928;388660;3508151;0.11078770554631201
67;0;0;244148928;0;0;0.0
67;1;9502;226410776;357406;3489272;0.10242996246781563
67;2;9452;209012752;388941;3503388;0.11101853405903085
67;3;9480;191448384;371252;3344790;0.1109941132328188
67;4;9493;480407816;424997;3766549;0.11283458677956931
67;5;9468;457377240;446018;3422997;0.13030043555398968
67;6;9481;434308568;401329;3425243;0.11716803742099466
67;7;9477;411239896;405747;3668795;0.11059407789205992
67;8;9475;388038736;404559;3549110;0.11398885917878003
67;9;9452;365102552;385107;3495304;0.11017839936097118
67;10;9460;342033880;432250;3620325;0.11939535815154717
68;0;0;342033880;0;0;0.0
68;1;9599;318615312;545365;5265645;0.10357040780379231
68;2;9595;295202056;671156;5598169;0.11988848496713836
68;3;9455;271786144;373780;3363701;0.11112164844616094
68;4;9501;248224032;453526;3835897;0.1182320588900067
68;5;9456;224794424;392512;3523815;0.11138836743699655
68;6;9468;201508296;389087;3675077;0.10587179533925412
68;7;9477;489493816;461745;3867215;0.11939987820692669
68;8;9475;475069216;528178;3878816;0.1361699033932004
68;9;9462;460483472;379415;3418242;0.11099711489122187
68;10;9467;445952112;397832;3571223;0.11139937214786083
69;0;0;445952112;0;0;0.0
69;1;9449;431335688;361531;3416066;0.10583255709930663
69;2;9464;416591976;384224;3599383;0.10674718417017583
69;3;9486;401920072;380430;3541879;0.10740908992091486
69;4;9443;386702744;474726;3712845;0.12786044125192406
69;5;9439;372091688;367821;3497409;0.10516956981582652
69;6;9453;357403416;378590;3500082;0.1081660372528415
69;7;9476;342720696;394117;3451308;0.11419351735631825
69;8;9470;328043288;353412;3569350;0.09901298555759452
69;9;9457;313296920;387426;3570386;0.10851095651842686
69;10;9445;298839448;391191;3655236;0.10702209104966136
70;0;0;298839448;0;0;0.0
70;1;9463;284160032;540596;3774179;0.14323538973641683
70;2;9477;268818424;463746;3575896;0.1296866575537991
70;3;9449;254135720;395212;3692630;0.10702724074710979
70;4;9464;239111344;376199;3498354;0.10753600121657214
70;5;9448;224323640;375271;3572753;0.10503692810558132
70;6;9434;209704568;360194;3450990;0.10437410714026989
70;7;9459;194806592;534080;3983593;0.134069921299691
70;8;9471;488374976;524574;4256171;0.12325021715527877
70;9;9452;472319408;380939;3531984;0.10785411258941151
70;10;9466;456157344;394186;3301760;0.1193866301608839
71;0;0;456157344;0;0;0.0
71;1;9544;439906048;376189;3503873;0.1073637657529254
71;2;9444;423613808;350242;3496390;0.1001724635981684
71;3;9450;407220208;572431;3841185;0.14902458486118217
71;4;9444;390682624;380177;3478018;0.10930851996740673
71;5;9455;374134256;383867;3565905;0.10764925033056125
71;6;9438;357591200;386646;3505473;0.11029781145083702
71;7;9454;341029120;380655;3704915;0.1027432478208002
71;8;9462;324568240;337582;3544494;0.09524123894694136
71;9;9492;308264896;432630;3852243;0.11230599938788909
71;10;9460;291964336;563296;3752731;0.1501029516903823
72;0;0;291964336;0;0;0.0
72;1;9455;275399520;400617;3435362;0.11661565797141611
72;2;9462;258881088;426236;4089464;0.10422784012770378
72;3;9453;242318960;372847;3566819;0.10453207746173832
72;4;9451;225683120;385730;3698086;0.10430530820537975
72;5;9472;209148256;386473;3760334;0.10277624274864945
72;6;9452;192379200;512727;3918207;0.1308575580616338
72;7;9464;484886872;442137;4057076;0.10897922543230643
72;8;9447;466311008;385078;3619044;0.10640323798218534
72;9;9500;447502808;430732;3742776;0.11508356364366983
72;10;9447;428806344;360468;3371198;0.10692578721273566
